unsigned char build_user_init_bin[] = {
  0x7F, 0x45, 0x4C, 0x46, 0x02, 0x01, 0x01, 0x00, 0x00, 0x00, 0x00, 0x00,
  0x00, 0x00, 0x00, 0x00, 0x02, 0x00, 0x3E, 0x00, 0x01, 0x00, 0x00, 0x00,
  0xD6, 0x0C, 0x40, 0x00, 0x00, 0x00, 0x00, 0x00, 0x40, 0x00, 0x00, 0x00,
  0x00, 0x00, 0x00, 0x00, 0x30, 0x61, 0x00, 0x00, 0x00, 0x00, 0x00, 0x00,
  0x00, 0x00, 0x00, 0x00, 0x40, 0x00, 0x38, 0x00, 0x06, 0x00, 0x40, 0x00,
  0x09, 0x00, 0x08, 0x00, 0x01, 0x00, 0x00, 0x00, 0x05, 0x00, 0x00, 0x00,
  0x00, 0x10, 0x00, 0x00, 0x00, 0x00, 0x00, 0x00, 0x00, 0x00, 0x40, 0x00,
  0x00, 0x00, 0x00, 0x00, 0x00, 0x00, 0x40, 0x00, 0x00, 0x00, 0x00, 0x00,
  0xC6, 0x20, 0x00, 0x00, 0x00, 0x00, 0x00, 0x00, 0xC6, 0x20, 0x00, 0x00,
  0x00, 0x00, 0x00, 0x00, 0x00, 0x10, 0x00, 0x00, 0x00, 0x00, 0x00, 0x00,
  0x01, 0x00, 0x00, 0x00, 0x04, 0x00, 0x00, 0x00, 0x00, 0x40, 0x00, 0x00,
  0x00, 0x00, 0x00, 0x00, 0x00, 0x30, 0x40, 0x00, 0x00, 0x00, 0x00, 0x00,
  0x00, 0x30, 0x40, 0x00, 0x00, 0x00, 0x00, 0x00, 0x30, 0x0F, 0x00, 0x00,
  0x00, 0x00, 0x00, 0x00, 0x30, 0x0F, 0x00, 0x00, 0x00, 0x00, 0x00, 0x00,
  0x00, 0x10, 0x00, 0x00, 0x00, 0x00, 0x00, 0x00, 0x01, 0x00, 0x00, 0x00,
  0x06, 0x00, 0x00, 0x00, 0x00, 0x50, 0x00, 0x00, 0x00, 0x00, 0x00, 0x00,
  0x00, 0x40, 0x40, 0x00, 0x00, 0x00, 0x00, 0x00, 0x00, 0x40, 0x40, 0x00,
  0x00, 0x00, 0x00, 0x00, 0x50, 0x01, 0x00, 0x00, 0x00, 0x00, 0x00, 0x00,
  0x80, 0x15, 0x00, 0x00, 0x00, 0x00, 0x00, 0x00, 0x00, 0x10, 0x00, 0x00,
  0x00, 0x00, 0x00, 0x00, 0x04, 0x00, 0x00, 0x00, 0x04, 0x00, 0x00, 0x00,
  0x00, 0x4F, 0x00, 0x00, 0x00, 0x00, 0x00, 0x00, 0x00, 0x3F, 0x40, 0x00,
  0x00, 0x00, 0x00, 0x00, 0x00, 0x3F, 0x40, 0x00, 0x00, 0x00, 0x00, 0x00,
  0x30, 0x00, 0x00, 0x00, 0x00, 0x00, 0x00, 0x00, 0x30, 0x00, 0x00, 0x00,
  0x00, 0x00, 0x00, 0x00, 0x08, 0x00, 0x00, 0x00, 0x00, 0x00, 0x00, 0x00,
  0x53, 0xE5, 0x74, 0x64, 0x04, 0x00, 0x00, 0x00, 0x00, 0x4F, 0x00, 0x00,
  0x00, 0x00, 0x00, 0x00, 0x00, 0x3F, 0x40, 0x00, 0x00, 0x00, 0x00, 0x00,
  0x00, 0x3F, 0x40, 0x00, 0x00, 0x00, 0x00, 0x00, 0x30, 0x00, 0x00, 0x00,
  0x00, 0x00, 0x00, 0x00, 0x30, 0x00, 0x00, 0x00, 0x00, 0x00, 0x00, 0x00,
  0x08, 0x00, 0x00, 0x00, 0x00, 0x00, 0x00, 0x00, 0x51, 0xE5, 0x74, 0x64,
  0x06, 0x00, 0x00, 0x00, 0x00, 0x00, 0x00, 0x00, 0x00, 0x00, 0x00, 0x00,
  0x00, 0x00, 0x00, 0x00, 0x00, 0x00, 0x00, 0x00, 0x00, 0x00, 0x00, 0x00,
  0x00, 0x00, 0x00, 0x00, 0x00, 0x00, 0x00, 0x00, 0x00, 0x00, 0x00, 0x00,
  0x00, 0x00, 0x00, 0x00, 0x00, 0x00, 0x00, 0x00, 0x10, 0x00, 0x00, 0x00,
  0x00, 0x00, 0x00, 0x00, 0x00, 0x00, 0x00, 0x00, 0x00, 0x00, 0x00, 0x00,
  0x00, 0x00, 0x00, 0x00, 0x00, 0x00, 0x00, 0x00, 0x00, 0x00, 0x00, 0x00,
  0x00, 0x00, 0x00, 0x00, 0x00, 0x00, 0x00, 0x00, 0x00, 0x00, 0x00, 0x00,
  0x00, 0x00, 0x00, 0x00, 0x00, 0x00, 0x00, 0x00, 0x00, 0x00, 0x00, 0x00,
  0x00, 0x00, 0x00, 0x00, 0x00, 0x00, 0x00, 0x00, 0x00, 0x00, 0x00, 0x00,
  0x00, 0x00, 0x00, 0x00, 0x00, 0x00, 0x00, 0x00, 0x00, 0x00, 0x00, 0x00,
  0x00, 0x00, 0x00, 0x00, 0x00, 0x00, 0x00, 0x00, 0x00, 0x00, 0x00, 0x00,
  0x00, 0x00, 0x00, 0x00, 0x00, 0x00, 0x00, 0x00, 0x00, 0x00, 0x00, 0x00,
  0x00, 0x00, 0x00, 0x00, 0x00, 0x00, 0x00, 0x00, 0x00, 0x00, 0x00, 0x00,
  0x00, 0x00, 0x00, 0x00, 0x00, 0x00, 0x00, 0x00, 0x00, 0x00, 0x00, 0x00,
  0x00, 0x00, 0x00, 0x00, 0x00, 0x00, 0x00, 0x00, 0x00, 0x00, 0x00, 0x00,
  0x00, 0x00, 0x00, 0x00, 0x00, 0x00, 0x00, 0x00, 0x00, 0x00, 0x00, 0x00,
  0x00, 0x00, 0x00, 0x00, 0x00, 0x00, 0x00, 0x00, 0x00, 0x00, 0x00, 0x00,
  0x00, 0x00, 0x00, 0x00, 0x00, 0x00, 0x00, 0x00, 0x00, 0x00, 0x00, 0x00,
  0x00, 0x00, 0x00, 0x00, 0x00, 0x00, 0x00, 0x00, 0x00, 0x00, 0x00, 0x00,
  0x00, 0x00, 0x00, 0x00, 0x00, 0x00, 0x00, 0x00, 0x00, 0x00, 0x00, 0x00,
  0x00, 0x00, 0x00, 0x00, 0x00, 0x00, 0x00, 0x00, 0x00, 0x00, 0x00, 0x00,
  0x00, 0x00, 0x00, 0x00, 0x00, 0x00, 0x00, 0x00, 0x00, 0x00, 0x00, 0x00,
  0x00, 0x00, 0x00, 0x00, 0x00, 0x00, 0x00, 0x00, 0x00, 0x00, 0x00, 0x00,
  0x00, 0x00, 0x00, 0x00, 0x00, 0x00, 0x00, 0x00, 0x00, 0x00, 0x00, 0x00,
  0x00, 0x00, 0x00, 0x00, 0x00, 0x00, 0x00, 0x00, 0x00, 0x00, 0x00, 0x00,
  0x00, 0x00, 0x00, 0x00, 0x00, 0x00, 0x00, 0x00, 0x00, 0x00, 0x00, 0x00,
  0x00, 0x00, 0x00, 0x00, 0x00, 0x00, 0x00, 0x00, 0x00, 0x00, 0x00, 0x00,
  0x00, 0x00, 0x00, 0x00, 0x00, 0x00, 0x00, 0x00, 0x00, 0x00, 0x00, 0x00,
  0x00, 0x00, 0x00, 0x00, 0x00, 0x00, 0x00, 0x00, 0x00, 0x00, 0x00, 0x00,
  0x00, 0x00, 0x00, 0x00, 0x00, 0x00, 0x00, 0x00, 0x00, 0x00, 0x00, 0x00,
  0x00, 0x00, 0x00, 0x00, 0x00, 0x00, 0x00, 0x00, 0x00, 0x00, 0x00, 0x00,
  0x00, 0x00, 0x00, 0x00, 0x00, 0x00, 0x00, 0x00, 0x00, 0x00, 0x00, 0x00,
  0x00, 0x00, 0x00, 0x00, 0x00, 0x00, 0x00, 0x00, 0x00, 0x00, 0x00, 0x00,
  0x00, 0x00, 0x00, 0x00, 0x00, 0x00, 0x00, 0x00, 0x00, 0x00, 0x00, 0x00,
  0x00, 0x00, 0x00, 0x00, 0x00, 0x00, 0x00, 0x00, 0x00, 0x00, 0x00, 0x00,
  0x00, 0x00, 0x00, 0x00, 0x00, 0x00, 0x00, 0x00, 0x00, 0x00, 0x00, 0x00,
  0x00, 0x00, 0x00, 0x00, 0x00, 0x00, 0x00, 0x00, 0x00, 0x00, 0x00, 0x00,
  0x00, 0x00, 0x00, 0x00, 0x00, 0x00, 0x00, 0x00, 0x00, 0x00, 0x00, 0x00,
  0x00, 0x00, 0x00, 0x00, 0x00, 0x00, 0x00, 0x00, 0x00, 0x00, 0x00, 0x00,
  0x00, 0x00, 0x00, 0x00, 0x00, 0x00, 0x00, 0x00, 0x00, 0x00, 0x00, 0x00,
  0x00, 0x00, 0x00, 0x00, 0x00, 0x00, 0x00, 0x00, 0x00, 0x00, 0x00, 0x00,
  0x00, 0x00, 0x00, 0x00, 0x00, 0x00, 0x00, 0x00, 0x00, 0x00, 0x00, 0x00,
  0x00, 0x00, 0x00, 0x00, 0x00, 0x00, 0x00, 0x00, 0x00, 0x00, 0x00, 0x00,
  0x00, 0x00, 0x00, 0x00, 0x00, 0x00, 0x00, 0x00, 0x00, 0x00, 0x00, 0x00,
  0x00, 0x00, 0x00, 0x00, 0x00, 0x00, 0x00, 0x00, 0x00, 0x00, 0x00, 0x00,
  0x00, 0x00, 0x00, 0x00, 0x00, 0x00, 0x00, 0x00, 0x00, 0x00, 0x00, 0x00,
  0x00, 0x00, 0x00, 0x00, 0x00, 0x00, 0x00, 0x00, 0x00, 0x00, 0x00, 0x00,
  0x00, 0x00, 0x00, 0x00, 0x00, 0x00, 0x00, 0x00, 0x00, 0x00, 0x00, 0x00,
  0x00, 0x00, 0x00, 0x00, 0x00, 0x00, 0x00, 0x00, 0x00, 0x00, 0x00, 0x00,
  0x00, 0x00, 0x00, 0x00, 0x00, 0x00, 0x00, 0x00, 0x00, 0x00, 0x00, 0x00,
  0x00, 0x00, 0x00, 0x00, 0x00, 0x00, 0x00, 0x00, 0x00, 0x00, 0x00, 0x00,
  0x00, 0x00, 0x00, 0x00, 0x00, 0x00, 0x00, 0x00, 0x00, 0x00, 0x00, 0x00,
  0x00, 0x00, 0x00, 0x00, 0x00, 0x00, 0x00, 0x00, 0x00, 0x00, 0x00, 0x00,
  0x00, 0x00, 0x00, 0x00, 0x00, 0x00, 0x00, 0x00, 0x00, 0x00, 0x00, 0x00,
  0x00, 0x00, 0x00, 0x00, 0x00, 0x00, 0x00, 0x00, 0x00, 0x00, 0x00, 0x00,
  0x00, 0x00, 0x00, 0x00, 0x00, 0x00, 0x00, 0x00, 0x00, 0x00, 0x00, 0x00,
  0x00, 0x00, 0x00, 0x00, 0x00, 0x00, 0x00, 0x00, 0x00, 0x00, 0x00, 0x00,
  0x00, 0x00, 0x00, 0x00, 0x00, 0x00, 0x00, 0x00, 0x00, 0x00, 0x00, 0x00,
  0x00, 0x00, 0x00, 0x00, 0x00, 0x00, 0x00, 0x00, 0x00, 0x00, 0x00, 0x00,
  0x00, 0x00, 0x00, 0x00, 0x00, 0x00, 0x00, 0x00, 0x00, 0x00, 0x00, 0x00,
  0x00, 0x00, 0x00, 0x00, 0x00, 0x00, 0x00, 0x00, 0x00, 0x00, 0x00, 0x00,
  0x00, 0x00, 0x00, 0x00, 0x00, 0x00, 0x00, 0x00, 0x00, 0x00, 0x00, 0x00,
  0x00, 0x00, 0x00, 0x00, 0x00, 0x00, 0x00, 0x00, 0x00, 0x00, 0x00, 0x00,
  0x00, 0x00, 0x00, 0x00, 0x00, 0x00, 0x00, 0x00, 0x00, 0x00, 0x00, 0x00,
  0x00, 0x00, 0x00, 0x00, 0x00, 0x00, 0x00, 0x00, 0x00, 0x00, 0x00, 0x00,
  0x00, 0x00, 0x00, 0x00, 0x00, 0x00, 0x00, 0x00, 0x00, 0x00, 0x00, 0x00,
  0x00, 0x00, 0x00, 0x00, 0x00, 0x00, 0x00, 0x00, 0x00, 0x00, 0x00, 0x00,
  0x00, 0x00, 0x00, 0x00, 0x00, 0x00, 0x00, 0x00, 0x00, 0x00, 0x00, 0x00,
  0x00, 0x00, 0x00, 0x00, 0x00, 0x00, 0x00, 0x00, 0x00, 0x00, 0x00, 0x00,
  0x00, 0x00, 0x00, 0x00, 0x00, 0x00, 0x00, 0x00, 0x00, 0x00, 0x00, 0x00,
  0x00, 0x00, 0x00, 0x00, 0x00, 0x00, 0x00, 0x00, 0x00, 0x00, 0x00, 0x00,
  0x00, 0x00, 0x00, 0x00, 0x00, 0x00, 0x00, 0x00, 0x00, 0x00, 0x00, 0x00,
  0x00, 0x00, 0x00, 0x00, 0x00, 0x00, 0x00, 0x00, 0x00, 0x00, 0x00, 0x00,
  0x00, 0x00, 0x00, 0x00, 0x00, 0x00, 0x00, 0x00, 0x00, 0x00, 0x00, 0x00,
  0x00, 0x00, 0x00, 0x00, 0x00, 0x00, 0x00, 0x00, 0x00, 0x00, 0x00, 0x00,
  0x00, 0x00, 0x00, 0x00, 0x00, 0x00, 0x00, 0x00, 0x00, 0x00, 0x00, 0x00,
  0x00, 0x00, 0x00, 0x00, 0x00, 0x00, 0x00, 0x00, 0x00, 0x00, 0x00, 0x00,
  0x00, 0x00, 0x00, 0x00, 0x00, 0x00, 0x00, 0x00, 0x00, 0x00, 0x00, 0x00,
  0x00, 0x00, 0x00, 0x00, 0x00, 0x00, 0x00, 0x00, 0x00, 0x00, 0x00, 0x00,
  0x00, 0x00, 0x00, 0x00, 0x00, 0x00, 0x00, 0x00, 0x00, 0x00, 0x00, 0x00,
  0x00, 0x00, 0x00, 0x00, 0x00, 0x00, 0x00, 0x00, 0x00, 0x00, 0x00, 0x00,
  0x00, 0x00, 0x00, 0x00, 0x00, 0x00, 0x00, 0x00, 0x00, 0x00, 0x00, 0x00,
  0x00, 0x00, 0x00, 0x00, 0x00, 0x00, 0x00, 0x00, 0x00, 0x00, 0x00, 0x00,
  0x00, 0x00, 0x00, 0x00, 0x00, 0x00, 0x00, 0x00, 0x00, 0x00, 0x00, 0x00,
  0x00, 0x00, 0x00, 0x00, 0x00, 0x00, 0x00, 0x00, 0x00, 0x00, 0x00, 0x00,
  0x00, 0x00, 0x00, 0x00, 0x00, 0x00, 0x00, 0x00, 0x00, 0x00, 0x00, 0x00,
  0x00, 0x00, 0x00, 0x00, 0x00, 0x00, 0x00, 0x00, 0x00, 0x00, 0x00, 0x00,
  0x00, 0x00, 0x00, 0x00, 0x00, 0x00, 0x00, 0x00, 0x00, 0x00, 0x00, 0x00,
  0x00, 0x00, 0x00, 0x00, 0x00, 0x00, 0x00, 0x00, 0x00, 0x00, 0x00, 0x00,
  0x00, 0x00, 0x00, 0x00, 0x00, 0x00, 0x00, 0x00, 0x00, 0x00, 0x00, 0x00,
  0x00, 0x00, 0x00, 0x00, 0x00, 0x00, 0x00, 0x00, 0x00, 0x00, 0x00, 0x00,
  0x00, 0x00, 0x00, 0x00, 0x00, 0x00, 0x00, 0x00, 0x00, 0x00, 0x00, 0x00,
  0x00, 0x00, 0x00, 0x00, 0x00, 0x00, 0x00, 0x00, 0x00, 0x00, 0x00, 0x00,
  0x00, 0x00, 0x00, 0x00, 0x00, 0x00, 0x00, 0x00, 0x00, 0x00, 0x00, 0x00,
  0x00, 0x00, 0x00, 0x00, 0x00, 0x00, 0x00, 0x00, 0x00, 0x00, 0x00, 0x00,
  0x00, 0x00, 0x00, 0x00, 0x00, 0x00, 0x00, 0x00, 0x00, 0x00, 0x00, 0x00,
  0x00, 0x00, 0x00, 0x00, 0x00, 0x00, 0x00, 0x00, 0x00, 0x00, 0x00, 0x00,
  0x00, 0x00, 0x00, 0x00, 0x00, 0x00, 0x00, 0x00, 0x00, 0x00, 0x00, 0x00,
  0x00, 0x00, 0x00, 0x00, 0x00, 0x00, 0x00, 0x00, 0x00, 0x00, 0x00, 0x00,
  0x00, 0x00, 0x00, 0x00, 0x00, 0x00, 0x00, 0x00, 0x00, 0x00, 0x00, 0x00,
  0x00, 0x00, 0x00, 0x00, 0x00, 0x00, 0x00, 0x00, 0x00, 0x00, 0x00, 0x00,
  0x00, 0x00, 0x00, 0x00, 0x00, 0x00, 0x00, 0x00, 0x00, 0x00, 0x00, 0x00,
  0x00, 0x00, 0x00, 0x00, 0x00, 0x00, 0x00, 0x00, 0x00, 0x00, 0x00, 0x00,
  0x00, 0x00, 0x00, 0x00, 0x00, 0x00, 0x00, 0x00, 0x00, 0x00, 0x00, 0x00,
  0x00, 0x00, 0x00, 0x00, 0x00, 0x00, 0x00, 0x00, 0x00, 0x00, 0x00, 0x00,
  0x00, 0x00, 0x00, 0x00, 0x00, 0x00, 0x00, 0x00, 0x00, 0x00, 0x00, 0x00,
  0x00, 0x00, 0x00, 0x00, 0x00, 0x00, 0x00, 0x00, 0x00, 0x00, 0x00, 0x00,
  0x00, 0x00, 0x00, 0x00, 0x00, 0x00, 0x00, 0x00, 0x00, 0x00, 0x00, 0x00,
  0x00, 0x00, 0x00, 0x00, 0x00, 0x00, 0x00, 0x00, 0x00, 0x00, 0x00, 0x00,
  0x00, 0x00, 0x00, 0x00, 0x00, 0x00, 0x00, 0x00, 0x00, 0x00, 0x00, 0x00,
  0x00, 0x00, 0x00, 0x00, 0x00, 0x00, 0x00, 0x00, 0x00, 0x00, 0x00, 0x00,
  0x00, 0x00, 0x00, 0x00, 0x00, 0x00, 0x00, 0x00, 0x00, 0x00, 0x00, 0x00,
  0x00, 0x00, 0x00, 0x00, 0x00, 0x00, 0x00, 0x00, 0x00, 0x00, 0x00, 0x00,
  0x00, 0x00, 0x00, 0x00, 0x00, 0x00, 0x00, 0x00, 0x00, 0x00, 0x00, 0x00,
  0x00, 0x00, 0x00, 0x00, 0x00, 0x00, 0x00, 0x00, 0x00, 0x00, 0x00, 0x00,
  0x00, 0x00, 0x00, 0x00, 0x00, 0x00, 0x00, 0x00, 0x00, 0x00, 0x00, 0x00,
  0x00, 0x00, 0x00, 0x00, 0x00, 0x00, 0x00, 0x00, 0x00, 0x00, 0x00, 0x00,
  0x00, 0x00, 0x00, 0x00, 0x00, 0x00, 0x00, 0x00, 0x00, 0x00, 0x00, 0x00,
  0x00, 0x00, 0x00, 0x00, 0x00, 0x00, 0x00, 0x00, 0x00, 0x00, 0x00, 0x00,
  0x00, 0x00, 0x00, 0x00, 0x00, 0x00, 0x00, 0x00, 0x00, 0x00, 0x00, 0x00,
  0x00, 0x00, 0x00, 0x00, 0x00, 0x00, 0x00, 0x00, 0x00, 0x00, 0x00, 0x00,
  0x00, 0x00, 0x00, 0x00, 0x00, 0x00, 0x00, 0x00, 0x00, 0x00, 0x00, 0x00,
  0x00, 0x00, 0x00, 0x00, 0x00, 0x00, 0x00, 0x00, 0x00, 0x00, 0x00, 0x00,
  0x00, 0x00, 0x00, 0x00, 0x00, 0x00, 0x00, 0x00, 0x00, 0x00, 0x00, 0x00,
  0x00, 0x00, 0x00, 0x00, 0x00, 0x00, 0x00, 0x00, 0x00, 0x00, 0x00, 0x00,
  0x00, 0x00, 0x00, 0x00, 0x00, 0x00, 0x00, 0x00, 0x00, 0x00, 0x00, 0x00,
  0x00, 0x00, 0x00, 0x00, 0x00, 0x00, 0x00, 0x00, 0x00, 0x00, 0x00, 0x00,
  0x00, 0x00, 0x00, 0x00, 0x00, 0x00, 0x00, 0x00, 0x00, 0x00, 0x00, 0x00,
  0x00, 0x00, 0x00, 0x00, 0x00, 0x00, 0x00, 0x00, 0x00, 0x00, 0x00, 0x00,
  0x00, 0x00, 0x00, 0x00, 0x00, 0x00, 0x00, 0x00, 0x00, 0x00, 0x00, 0x00,
  0x00, 0x00, 0x00, 0x00, 0x00, 0x00, 0x00, 0x00, 0x00, 0x00, 0x00, 0x00,
  0x00, 0x00, 0x00, 0x00, 0x00, 0x00, 0x00, 0x00, 0x00, 0x00, 0x00, 0x00,
  0x00, 0x00, 0x00, 0x00, 0x00, 0x00, 0x00, 0x00, 0x00, 0x00, 0x00, 0x00,
  0x00, 0x00, 0x00, 0x00, 0x00, 0x00, 0x00, 0x00, 0x00, 0x00, 0x00, 0x00,
  0x00, 0x00, 0x00, 0x00, 0x00, 0x00, 0x00, 0x00, 0x00, 0x00, 0x00, 0x00,
  0x00, 0x00, 0x00, 0x00, 0x00, 0x00, 0x00, 0x00, 0x00, 0x00, 0x00, 0x00,
  0x00, 0x00, 0x00, 0x00, 0x00, 0x00, 0x00, 0x00, 0x00, 0x00, 0x00, 0x00,
  0x00, 0x00, 0x00, 0x00, 0x00, 0x00, 0x00, 0x00, 0x00, 0x00, 0x00, 0x00,
  0x00, 0x00, 0x00, 0x00, 0x00, 0x00, 0x00, 0x00, 0x00, 0x00, 0x00, 0x00,
  0x00, 0x00, 0x00, 0x00, 0x00, 0x00, 0x00, 0x00, 0x00, 0x00, 0x00, 0x00,
  0x00, 0x00, 0x00, 0x00, 0x00, 0x00, 0x00, 0x00, 0x00, 0x00, 0x00, 0x00,
  0x00, 0x00, 0x00, 0x00, 0x00, 0x00, 0x00, 0x00, 0x00, 0x00, 0x00, 0x00,
  0x00, 0x00, 0x00, 0x00, 0x00, 0x00, 0x00, 0x00, 0x00, 0x00, 0x00, 0x00,
  0x00, 0x00, 0x00, 0x00, 0x00, 0x00, 0x00, 0x00, 0x00, 0x00, 0x00, 0x00,
  0x00, 0x00, 0x00, 0x00, 0x00, 0x00, 0x00, 0x00, 0x00, 0x00, 0x00, 0x00,
  0x00, 0x00, 0x00, 0x00, 0x00, 0x00, 0x00, 0x00, 0x00, 0x00, 0x00, 0x00,
  0x00, 0x00, 0x00, 0x00, 0x00, 0x00, 0x00, 0x00, 0x00, 0x00, 0x00, 0x00,
  0x00, 0x00, 0x00, 0x00, 0x00, 0x00, 0x00, 0x00, 0x00, 0x00, 0x00, 0x00,
  0x00, 0x00, 0x00, 0x00, 0x00, 0x00, 0x00, 0x00, 0x00, 0x00, 0x00, 0x00,
  0x00, 0x00, 0x00, 0x00, 0x00, 0x00, 0x00, 0x00, 0x00, 0x00, 0x00, 0x00,
  0x00, 0x00, 0x00, 0x00, 0x00, 0x00, 0x00, 0x00, 0x00, 0x00, 0x00, 0x00,
  0x00, 0x00, 0x00, 0x00, 0x00, 0x00, 0x00, 0x00, 0x00, 0x00, 0x00, 0x00,
  0x00, 0x00, 0x00, 0x00, 0x00, 0x00, 0x00, 0x00, 0x00, 0x00, 0x00, 0x00,
  0x00, 0x00, 0x00, 0x00, 0x00, 0x00, 0x00, 0x00, 0x00, 0x00, 0x00, 0x00,
  0x00, 0x00, 0x00, 0x00, 0x00, 0x00, 0x00, 0x00, 0x00, 0x00, 0x00, 0x00,
  0x00, 0x00, 0x00, 0x00, 0x00, 0x00, 0x00, 0x00, 0x00, 0x00, 0x00, 0x00,
  0x00, 0x00, 0x00, 0x00, 0x00, 0x00, 0x00, 0x00, 0x00, 0x00, 0x00, 0x00,
  0x00, 0x00, 0x00, 0x00, 0x00, 0x00, 0x00, 0x00, 0x00, 0x00, 0x00, 0x00,
  0x00, 0x00, 0x00, 0x00, 0x00, 0x00, 0x00, 0x00, 0x00, 0x00, 0x00, 0x00,
  0x00, 0x00, 0x00, 0x00, 0x00, 0x00, 0x00, 0x00, 0x00, 0x00, 0x00, 0x00,
  0x00, 0x00, 0x00, 0x00, 0x00, 0x00, 0x00, 0x00, 0x00, 0x00, 0x00, 0x00,
  0x00, 0x00, 0x00, 0x00, 0x00, 0x00, 0x00, 0x00, 0x00, 0x00, 0x00, 0x00,
  0x00, 0x00, 0x00, 0x00, 0x00, 0x00, 0x00, 0x00, 0x00, 0x00, 0x00, 0x00,
  0x00, 0x00, 0x00, 0x00, 0x00, 0x00, 0x00, 0x00, 0x00, 0x00, 0x00, 0x00,
  0x00, 0x00, 0x00, 0x00, 0x00, 0x00, 0x00, 0x00, 0x00, 0x00, 0x00, 0x00,
  0x00, 0x00, 0x00, 0x00, 0x00, 0x00, 0x00, 0x00, 0x00, 0x00, 0x00, 0x00,
  0x00, 0x00, 0x00, 0x00, 0x00, 0x00, 0x00, 0x00, 0x00, 0x00, 0x00, 0x00,
  0x00, 0x00, 0x00, 0x00, 0x00, 0x00, 0x00, 0x00, 0x00, 0x00, 0x00, 0x00,
  0x00, 0x00, 0x00, 0x00, 0x00, 0x00, 0x00, 0x00, 0x00, 0x00, 0x00, 0x00,
  0x00, 0x00, 0x00, 0x00, 0x00, 0x00, 0x00, 0x00, 0x00, 0x00, 0x00, 0x00,
  0x00, 0x00, 0x00, 0x00, 0x00, 0x00, 0x00, 0x00, 0x00, 0x00, 0x00, 0x00,
  0x00, 0x00, 0x00, 0x00, 0x00, 0x00, 0x00, 0x00, 0x00, 0x00, 0x00, 0x00,
  0x00, 0x00, 0x00, 0x00, 0x00, 0x00, 0x00, 0x00, 0x00, 0x00, 0x00, 0x00,
  0x00, 0x00, 0x00, 0x00, 0x00, 0x00, 0x00, 0x00, 0x00, 0x00, 0x00, 0x00,
  0x00, 0x00, 0x00, 0x00, 0x00, 0x00, 0x00, 0x00, 0x00, 0x00, 0x00, 0x00,
  0x00, 0x00, 0x00, 0x00, 0x00, 0x00, 0x00, 0x00, 0x00, 0x00, 0x00, 0x00,
  0x00, 0x00, 0x00, 0x00, 0x00, 0x00, 0x00, 0x00, 0x00, 0x00, 0x00, 0x00,
  0x00, 0x00, 0x00, 0x00, 0x00, 0x00, 0x00, 0x00, 0x00, 0x00, 0x00, 0x00,
  0x00, 0x00, 0x00, 0x00, 0x00, 0x00, 0x00, 0x00, 0x00, 0x00, 0x00, 0x00,
  0x00, 0x00, 0x00, 0x00, 0x00, 0x00, 0x00, 0x00, 0x00, 0x00, 0x00, 0x00,
  0x00, 0x00, 0x00, 0x00, 0x00, 0x00, 0x00, 0x00, 0x00, 0x00, 0x00, 0x00,
  0x00, 0x00, 0x00, 0x00, 0x00, 0x00, 0x00, 0x00, 0x00, 0x00, 0x00, 0x00,
  0x00, 0x00, 0x00, 0x00, 0x00, 0x00, 0x00, 0x00, 0x00, 0x00, 0x00, 0x00,
  0x00, 0x00, 0x00, 0x00, 0x00, 0x00, 0x00, 0x00, 0x00, 0x00, 0x00, 0x00,
  0x00, 0x00, 0x00, 0x00, 0x00, 0x00, 0x00, 0x00, 0x00, 0x00, 0x00, 0x00,
  0x00, 0x00, 0x00, 0x00, 0x00, 0x00, 0x00, 0x00, 0x00, 0x00, 0x00, 0x00,
  0x00, 0x00, 0x00, 0x00, 0x00, 0x00, 0x00, 0x00, 0x00, 0x00, 0x00, 0x00,
  0x00, 0x00, 0x00, 0x00, 0x00, 0x00, 0x00, 0x00, 0x00, 0x00, 0x00, 0x00,
  0x00, 0x00, 0x00, 0x00, 0x00, 0x00, 0x00, 0x00, 0x00, 0x00, 0x00, 0x00,
  0x00, 0x00, 0x00, 0x00, 0x00, 0x00, 0x00, 0x00, 0x00, 0x00, 0x00, 0x00,
  0x00, 0x00, 0x00, 0x00, 0x00, 0x00, 0x00, 0x00, 0x00, 0x00, 0x00, 0x00,
  0x00, 0x00, 0x00, 0x00, 0x00, 0x00, 0x00, 0x00, 0x00, 0x00, 0x00, 0x00,
  0x00, 0x00, 0x00, 0x00, 0x00, 0x00, 0x00, 0x00, 0x00, 0x00, 0x00, 0x00,
  0x00, 0x00, 0x00, 0x00, 0x00, 0x00, 0x00, 0x00, 0x00, 0x00, 0x00, 0x00,
  0x00, 0x00, 0x00, 0x00, 0x00, 0x00, 0x00, 0x00, 0x00, 0x00, 0x00, 0x00,
  0x00, 0x00, 0x00, 0x00, 0x00, 0x00, 0x00, 0x00, 0x00, 0x00, 0x00, 0x00,
  0x00, 0x00, 0x00, 0x00, 0x00, 0x00, 0x00, 0x00, 0x00, 0x00, 0x00, 0x00,
  0x00, 0x00, 0x00, 0x00, 0x00, 0x00, 0x00, 0x00, 0x00, 0x00, 0x00, 0x00,
  0x00, 0x00, 0x00, 0x00, 0x00, 0x00, 0x00, 0x00, 0x00, 0x00, 0x00, 0x00,
  0x00, 0x00, 0x00, 0x00, 0x00, 0x00, 0x00, 0x00, 0x00, 0x00, 0x00, 0x00,
  0x00, 0x00, 0x00, 0x00, 0x00, 0x00, 0x00, 0x00, 0x00, 0x00, 0x00, 0x00,
  0x00, 0x00, 0x00, 0x00, 0x00, 0x00, 0x00, 0x00, 0x00, 0x00, 0x00, 0x00,
  0x00, 0x00, 0x00, 0x00, 0x00, 0x00, 0x00, 0x00, 0x00, 0x00, 0x00, 0x00,
  0x00, 0x00, 0x00, 0x00, 0x00, 0x00, 0x00, 0x00, 0x00, 0x00, 0x00, 0x00,
  0x00, 0x00, 0x00, 0x00, 0x00, 0x00, 0x00, 0x00, 0x00, 0x00, 0x00, 0x00,
  0x00, 0x00, 0x00, 0x00, 0x00, 0x00, 0x00, 0x00, 0x00, 0x00, 0x00, 0x00,
  0x00, 0x00, 0x00, 0x00, 0x00, 0x00, 0x00, 0x00, 0x00, 0x00, 0x00, 0x00,
  0x00, 0x00, 0x00, 0x00, 0x00, 0x00, 0x00, 0x00, 0x00, 0x00, 0x00, 0x00,
  0x00, 0x00, 0x00, 0x00, 0x00, 0x00, 0x00, 0x00, 0x00, 0x00, 0x00, 0x00,
  0x00, 0x00, 0x00, 0x00, 0x00, 0x00, 0x00, 0x00, 0x00, 0x00, 0x00, 0x00,
  0x00, 0x00, 0x00, 0x00, 0x00, 0x00, 0x00, 0x00, 0x00, 0x00, 0x00, 0x00,
  0x00, 0x00, 0x00, 0x00, 0x00, 0x00, 0x00, 0x00, 0x00, 0x00, 0x00, 0x00,
  0x00, 0x00, 0x00, 0x00, 0x00, 0x00, 0x00, 0x00, 0x00, 0x00, 0x00, 0x00,
  0x00, 0x00, 0x00, 0x00, 0x00, 0x00, 0x00, 0x00, 0x00, 0x00, 0x00, 0x00,
  0x00, 0x00, 0x00, 0x00, 0x00, 0x00, 0x00, 0x00, 0x00, 0x00, 0x00, 0x00,
  0x00, 0x00, 0x00, 0x00, 0x00, 0x00, 0x00, 0x00, 0x00, 0x00, 0x00, 0x00,
  0x00, 0x00, 0x00, 0x00, 0x00, 0x00, 0x00, 0x00, 0x00, 0x00, 0x00, 0x00,
  0x00, 0x00, 0x00, 0x00, 0x00, 0x00, 0x00, 0x00, 0x00, 0x00, 0x00, 0x00,
  0x00, 0x00, 0x00, 0x00, 0x00, 0x00, 0x00, 0x00, 0x00, 0x00, 0x00, 0x00,
  0x00, 0x00, 0x00, 0x00, 0x00, 0x00, 0x00, 0x00, 0x00, 0x00, 0x00, 0x00,
  0x00, 0x00, 0x00, 0x00, 0x00, 0x00, 0x00, 0x00, 0x00, 0x00, 0x00, 0x00,
  0x00, 0x00, 0x00, 0x00, 0x00, 0x00, 0x00, 0x00, 0x00, 0x00, 0x00, 0x00,
  0x00, 0x00, 0x00, 0x00, 0x00, 0x00, 0x00, 0x00, 0x00, 0x00, 0x00, 0x00,
  0x00, 0x00, 0x00, 0x00, 0x00, 0x00, 0x00, 0x00, 0x00, 0x00, 0x00, 0x00,
  0x00, 0x00, 0x00, 0x00, 0x00, 0x00, 0x00, 0x00, 0x00, 0x00, 0x00, 0x00,
  0x00, 0x00, 0x00, 0x00, 0x00, 0x00, 0x00, 0x00, 0x00, 0x00, 0x00, 0x00,
  0x00, 0x00, 0x00, 0x00, 0x00, 0x00, 0x00, 0x00, 0x00, 0x00, 0x00, 0x00,
  0x00, 0x00, 0x00, 0x00, 0x00, 0x00, 0x00, 0x00, 0x00, 0x00, 0x00, 0x00,
  0x00, 0x00, 0x00, 0x00, 0x00, 0x00, 0x00, 0x00, 0x00, 0x00, 0x00, 0x00,
  0x00, 0x00, 0x00, 0x00, 0x00, 0x00, 0x00, 0x00, 0x00, 0x00, 0x00, 0x00,
  0x00, 0x00, 0x00, 0x00, 0x00, 0x00, 0x00, 0x00, 0x00, 0x00, 0x00, 0x00,
  0x00, 0x00, 0x00, 0x00, 0x00, 0x00, 0x00, 0x00, 0x00, 0x00, 0x00, 0x00,
  0x00, 0x00, 0x00, 0x00, 0x00, 0x00, 0x00, 0x00, 0x00, 0x00, 0x00, 0x00,
  0x00, 0x00, 0x00, 0x00, 0x00, 0x00, 0x00, 0x00, 0x00, 0x00, 0x00, 0x00,
  0x00, 0x00, 0x00, 0x00, 0x00, 0x00, 0x00, 0x00, 0x00, 0x00, 0x00, 0x00,
  0x00, 0x00, 0x00, 0x00, 0x00, 0x00, 0x00, 0x00, 0x00, 0x00, 0x00, 0x00,
  0x00, 0x00, 0x00, 0x00, 0x00, 0x00, 0x00, 0x00, 0x00, 0x00, 0x00, 0x00,
  0x00, 0x00, 0x00, 0x00, 0x00, 0x00, 0x00, 0x00, 0x00, 0x00, 0x00, 0x00,
  0x00, 0x00, 0x00, 0x00, 0x00, 0x00, 0x00, 0x00, 0x00, 0x00, 0x00, 0x00,
  0x00, 0x00, 0x00, 0x00, 0x00, 0x00, 0x00, 0x00, 0x00, 0x00, 0x00, 0x00,
  0x00, 0x00, 0x00, 0x00, 0x00, 0x00, 0x00, 0x00, 0x00, 0x00, 0x00, 0x00,
  0x00, 0x00, 0x00, 0x00, 0x00, 0x00, 0x00, 0x00, 0x00, 0x00, 0x00, 0x00,
  0x00, 0x00, 0x00, 0x00, 0x00, 0x00, 0x00, 0x00, 0x00, 0x00, 0x00, 0x00,
  0x00, 0x00, 0x00, 0x00, 0x00, 0x00, 0x00, 0x00, 0x00, 0x00, 0x00, 0x00,
  0x00, 0x00, 0x00, 0x00, 0x00, 0x00, 0x00, 0x00, 0x00, 0x00, 0x00, 0x00,
  0x00, 0x00, 0x00, 0x00, 0x00, 0x00, 0x00, 0x00, 0x00, 0x00, 0x00, 0x00,
  0x00, 0x00, 0x00, 0x00, 0x00, 0x00, 0x00, 0x00, 0x00, 0x00, 0x00, 0x00,
  0x00, 0x00, 0x00, 0x00, 0x00, 0x00, 0x00, 0x00, 0x00, 0x00, 0x00, 0x00,
  0x00, 0x00, 0x00, 0x00, 0x00, 0x00, 0x00, 0x00, 0x00, 0x00, 0x00, 0x00,
  0x00, 0x00, 0x00, 0x00, 0x00, 0x00, 0x00, 0x00, 0x00, 0x00, 0x00, 0x00,
  0x00, 0x00, 0x00, 0x00, 0x00, 0x00, 0x00, 0x00, 0x00, 0x00, 0x00, 0x00,
  0x00, 0x00, 0x00, 0x00, 0x00, 0x00, 0x00, 0x00, 0x00, 0x00, 0x00, 0x00,
  0x00, 0x00, 0x00, 0x00, 0x00, 0x00, 0x00, 0x00, 0x00, 0x00, 0x00, 0x00,
  0x00, 0x00, 0x00, 0x00, 0x00, 0x00, 0x00, 0x00, 0x00, 0x00, 0x00, 0x00,
  0x00, 0x00, 0x00, 0x00, 0x00, 0x00, 0x00, 0x00, 0x00, 0x00, 0x00, 0x00,
  0x00, 0x00, 0x00, 0x00, 0x00, 0x00, 0x00, 0x00, 0x00, 0x00, 0x00, 0x00,
  0x00, 0x00, 0x00, 0x00, 0x00, 0x00, 0x00, 0x00, 0x00, 0x00, 0x00, 0x00,
  0x00, 0x00, 0x00, 0x00, 0x00, 0x00, 0x00, 0x00, 0x00, 0x00, 0x00, 0x00,
  0x00, 0x00, 0x00, 0x00, 0x00, 0x00, 0x00, 0x00, 0x00, 0x00, 0x00, 0x00,
  0x00, 0x00, 0x00, 0x00, 0x00, 0x00, 0x00, 0x00, 0x00, 0x00, 0x00, 0x00,
  0x00, 0x00, 0x00, 0x00, 0x00, 0x00, 0x00, 0x00, 0x00, 0x00, 0x00, 0x00,
  0x00, 0x00, 0x00, 0x00, 0x00, 0x00, 0x00, 0x00, 0x00, 0x00, 0x00, 0x00,
  0x00, 0x00, 0x00, 0x00, 0x00, 0x00, 0x00, 0x00, 0x00, 0x00, 0x00, 0x00,
  0x00, 0x00, 0x00, 0x00, 0x00, 0x00, 0x00, 0x00, 0x00, 0x00, 0x00, 0x00,
  0x00, 0x00, 0x00, 0x00, 0x00, 0x00, 0x00, 0x00, 0x00, 0x00, 0x00, 0x00,
  0x00, 0x00, 0x00, 0x00, 0x00, 0x00, 0x00, 0x00, 0x00, 0x00, 0x00, 0x00,
  0x00, 0x00, 0x00, 0x00, 0x00, 0x00, 0x00, 0x00, 0x00, 0x00, 0x00, 0x00,
  0x00, 0x00, 0x00, 0x00, 0x00, 0x00, 0x00, 0x00, 0x00, 0x00, 0x00, 0x00,
  0x00, 0x00, 0x00, 0x00, 0x00, 0x00, 0x00, 0x00, 0x00, 0x00, 0x00, 0x00,
  0x00, 0x00, 0x00, 0x00, 0x00, 0x00, 0x00, 0x00, 0x00, 0x00, 0x00, 0x00,
  0x00, 0x00, 0x00, 0x00, 0x00, 0x00, 0x00, 0x00, 0x00, 0x00, 0x00, 0x00,
  0x00, 0x00, 0x00, 0x00, 0x00, 0x00, 0x00, 0x00, 0x00, 0x00, 0x00, 0x00,
  0x00, 0x00, 0x00, 0x00, 0x00, 0x00, 0x00, 0x00, 0x00, 0x00, 0x00, 0x00,
  0x00, 0x00, 0x00, 0x00, 0x00, 0x00, 0x00, 0x00, 0x00, 0x00, 0x00, 0x00,
  0x00, 0x00, 0x00, 0x00, 0x00, 0x00, 0x00, 0x00, 0x00, 0x00, 0x00, 0x00,
  0x00, 0x00, 0x00, 0x00, 0x00, 0x00, 0x00, 0x00, 0x00, 0x00, 0x00, 0x00,
  0x00, 0x00, 0x00, 0x00, 0x00, 0x00, 0x00, 0x00, 0x00, 0x00, 0x00, 0x00,
  0x00, 0x00, 0x00, 0x00, 0x00, 0x00, 0x00, 0x00, 0x00, 0x00, 0x00, 0x00,
  0x00, 0x00, 0x00, 0x00, 0x00, 0x00, 0x00, 0x00, 0x00, 0x00, 0x00, 0x00,
  0x00, 0x00, 0x00, 0x00, 0x00, 0x00, 0x00, 0x00, 0x00, 0x00, 0x00, 0x00,
  0x00, 0x00, 0x00, 0x00, 0x00, 0x00, 0x00, 0x00, 0x00, 0x00, 0x00, 0x00,
  0x00, 0x00, 0x00, 0x00, 0x00, 0x00, 0x00, 0x00, 0x00, 0x00, 0x00, 0x00,
  0x00, 0x00, 0x00, 0x00, 0x00, 0x00, 0x00, 0x00, 0x00, 0x00, 0x00, 0x00,
  0x00, 0x00, 0x00, 0x00, 0x00, 0x00, 0x00, 0x00, 0x00, 0x00, 0x00, 0x00,
  0x00, 0x00, 0x00, 0x00, 0x00, 0x00, 0x00, 0x00, 0x00, 0x00, 0x00, 0x00,
  0x00, 0x00, 0x00, 0x00, 0x00, 0x00, 0x00, 0x00, 0x00, 0x00, 0x00, 0x00,
  0x00, 0x00, 0x00, 0x00, 0x00, 0x00, 0x00, 0x00, 0x00, 0x00, 0x00, 0x00,
  0x00, 0x00, 0x00, 0x00, 0x00, 0x00, 0x00, 0x00, 0x00, 0x00, 0x00, 0x00,
  0x00, 0x00, 0x00, 0x00, 0x00, 0x00, 0x00, 0x00, 0x00, 0x00, 0x00, 0x00,
  0x00, 0x00, 0x00, 0x00, 0x00, 0x00, 0x00, 0x00, 0x00, 0x00, 0x00, 0x00,
  0x00, 0x00, 0x00, 0x00, 0x00, 0x00, 0x00, 0x00, 0x00, 0x00, 0x00, 0x00,
  0x00, 0x00, 0x00, 0x00, 0x00, 0x00, 0x00, 0x00, 0x00, 0x00, 0x00, 0x00,
  0x00, 0x00, 0x00, 0x00, 0x00, 0x00, 0x00, 0x00, 0x00, 0x00, 0x00, 0x00,
  0x00, 0x00, 0x00, 0x00, 0x00, 0x00, 0x00, 0x00, 0x00, 0x00, 0x00, 0x00,
  0x00, 0x00, 0x00, 0x00, 0x00, 0x00, 0x00, 0x00, 0x00, 0x00, 0x00, 0x00,
  0x00, 0x00, 0x00, 0x00, 0x00, 0x00, 0x00, 0x00, 0x00, 0x00, 0x00, 0x00,
  0x00, 0x00, 0x00, 0x00, 0x00, 0x00, 0x00, 0x00, 0x00, 0x00, 0x00, 0x00,
  0x00, 0x00, 0x00, 0x00, 0x00, 0x00, 0x00, 0x00, 0x00, 0x00, 0x00, 0x00,
  0x00, 0x00, 0x00, 0x00, 0x00, 0x00, 0x00, 0x00, 0x00, 0x00, 0x00, 0x00,
  0x00, 0x00, 0x00, 0x00, 0x00, 0x00, 0x00, 0x00, 0x00, 0x00, 0x00, 0x00,
  0x00, 0x00, 0x00, 0x00, 0x00, 0x00, 0x00, 0x00, 0x00, 0x00, 0x00, 0x00,
  0x00, 0x00, 0x00, 0x00, 0x00, 0x00, 0x00, 0x00, 0x00, 0x00, 0x00, 0x00,
  0x00, 0x00, 0x00, 0x00, 0x00, 0x00, 0x00, 0x00, 0x00, 0x00, 0x00, 0x00,
  0x00, 0x00, 0x00, 0x00, 0x00, 0x00, 0x00, 0x00, 0x00, 0x00, 0x00, 0x00,
  0x00, 0x00, 0x00, 0x00, 0x00, 0x00, 0x00, 0x00, 0x00, 0x00, 0x00, 0x00,
  0x00, 0x00, 0x00, 0x00, 0x00, 0x00, 0x00, 0x00, 0x00, 0x00, 0x00, 0x00,
  0x00, 0x00, 0x00, 0x00, 0x00, 0x00, 0x00, 0x00, 0x00, 0x00, 0x00, 0x00,
  0x00, 0x00, 0x00, 0x00, 0x00, 0x00, 0x00, 0x00, 0x00, 0x00, 0x00, 0x00,
  0x00, 0x00, 0x00, 0x00, 0x00, 0x00, 0x00, 0x00, 0x00, 0x00, 0x00, 0x00,
  0x00, 0x00, 0x00, 0x00, 0x00, 0x00, 0x00, 0x00, 0x00, 0x00, 0x00, 0x00,
  0x00, 0x00, 0x00, 0x00, 0x00, 0x00, 0x00, 0x00, 0x00, 0x00, 0x00, 0x00,
  0x00, 0x00, 0x00, 0x00, 0x00, 0x00, 0x00, 0x00, 0x00, 0x00, 0x00, 0x00,
  0x00, 0x00, 0x00, 0x00, 0x55, 0x48, 0x89, 0xE5, 0x48, 0x89, 0x7D, 0xE8,
  0x48, 0x8B, 0x45, 0xE8, 0xCD, 0x80, 0x48, 0x89, 0x45, 0xF8, 0x48, 0x8B,
  0x45, 0xF8, 0x5D, 0xC3, 0x55, 0x48, 0x89, 0xE5, 0x48, 0x89, 0x7D, 0xE8,
  0x48, 0x89, 0x75, 0xE0, 0x48, 0x8B, 0x45, 0xE8, 0x48, 0x8B, 0x55, 0xE0,
  0x48, 0x89, 0xD7, 0xCD, 0x80, 0x48, 0x89, 0x45, 0xF8, 0x48, 0x8B, 0x45,
  0xF8, 0x5D, 0xC3, 0x55, 0x48, 0x89, 0xE5, 0x48, 0x89, 0x7D, 0xE8, 0x48,
  0x89, 0x75, 0xE0, 0x48, 0x89, 0x55, 0xD8, 0x48, 0x8B, 0x45, 0xE8, 0x48,
  0x8B, 0x55, 0xE0, 0x48, 0x8B, 0x4D, 0xD8, 0x48, 0x89, 0xD7, 0x48, 0x89,
  0xCE, 0xCD, 0x80, 0x48, 0x89, 0x45, 0xF8, 0x48, 0x8B, 0x45, 0xF8, 0x5D,
  0xC3, 0x55, 0x48, 0x89, 0xE5, 0x48, 0x89, 0x7D, 0xE8, 0x48, 0x89, 0x75,
  0xE0, 0x48, 0x89, 0x55, 0xD8, 0x48, 0x89, 0x4D, 0xD0, 0x4C, 0x8B, 0x55,
  0xD0, 0x48, 0x8B, 0x45, 0xE8, 0x48, 0x8B, 0x55, 0xE0, 0x48, 0x8B, 0x4D,
  0xD8, 0x48, 0x89, 0xD7, 0x48, 0x89, 0xCE, 0xCD, 0x80, 0x48, 0x89, 0x45,
  0xF8, 0x48, 0x8B, 0x45, 0xF8, 0x5D, 0xC3, 0x55, 0x48, 0x89, 0xE5, 0x48,
  0x83, 0xEC, 0x10, 0x48, 0x89, 0x7D, 0xF8, 0x89, 0x75, 0xF4, 0x89, 0x55,
  0xF0, 0x8B, 0x45, 0xF0, 0x48, 0x63, 0xC8, 0x8B, 0x45, 0xF4, 0x48, 0x63,
  0xD0, 0x48, 0x8B, 0x45, 0xF8, 0x48, 0x89, 0xC6, 0xBF, 0x14, 0x00, 0x00,
  0x00, 0xE8, 0x9B, 0xFF, 0xFF, 0xFF, 0xC9, 0xC3, 0x55, 0x48, 0x89, 0xE5,
  0x48, 0x83, 0xEC, 0x08, 0x89, 0x7D, 0xFC, 0x8B, 0x45, 0xFC, 0x48, 0x98,
  0x48, 0x89, 0xC6, 0xBF, 0x15, 0x00, 0x00, 0x00, 0xE8, 0x2B, 0xFF, 0xFF,
  0xFF, 0xC9, 0xC3, 0x55, 0x48, 0x89, 0xE5, 0x48, 0x83, 0xEC, 0x10, 0x89,
  0x7D, 0xFC, 0x48, 0x89, 0x75, 0xF0, 0x89, 0x55, 0xF8, 0x8B, 0x45, 0xF8,
  0x48, 0x63, 0xC8, 0x48, 0x8B, 0x55, 0xF0, 0x8B, 0x45, 0xFC, 0x48, 0x98,
  0x48, 0x89, 0xC6, 0xBF, 0x16, 0x00, 0x00, 0x00, 0xE8, 0x4C, 0xFF, 0xFF,
  0xFF, 0xC9, 0xC3, 0x55, 0x48, 0x89, 0xE5, 0x48, 0x83, 0xEC, 0x10, 0x89,
  0x7D, 0xFC, 0x48, 0x89, 0x75, 0xF0, 0x89, 0x55, 0xF8, 0x8B, 0x45, 0xF8,
  0x48, 0x63, 0xC8, 0x48, 0x8B, 0x55, 0xF0, 0x8B, 0x45, 0xFC, 0x48, 0x98,
  0x48, 0x89, 0xC6, 0xBF, 0x17, 0x00, 0x00, 0x00, 0xE8, 0x1C, 0xFF, 0xFF,
  0xFF, 0xC9, 0xC3, 0x55, 0x48, 0x89, 0xE5, 0x48, 0x83, 0xEC, 0x10, 0x48,
  0x89, 0x7D, 0xF8, 0x89, 0x75, 0xF4, 0x8B, 0x45, 0xF4, 0x48, 0x63, 0xD0,
  0x48, 0x8B, 0x45, 0xF8, 0x48, 0x89, 0xC6, 0xBF, 0x1F, 0x00, 0x00, 0x00,
  0xE8, 0xC6, 0xFE, 0xFF, 0xFF, 0xC9, 0xC3, 0x55, 0x48, 0x89, 0xE5, 0x48,
  0x83, 0xEC, 0x08, 0x48, 0x89, 0x7D, 0xF8, 0x48, 0x8B, 0x45, 0xF8, 0x48,
  0x89, 0xC6, 0xBF, 0x20, 0x00, 0x00, 0x00, 0xE8, 0x84, 0xFE, 0xFF, 0xFF,
  0xC9, 0xC3, 0x55, 0x48, 0x89, 0xE5, 0x48, 0x83, 0xEC, 0x08, 0x48, 0x89,
  0x7D, 0xF8, 0x48, 0x8B, 0x45, 0xF8, 0x48, 0x89, 0xC6, 0xBF, 0x1D, 0x00,
  0x00, 0x00, 0xE8, 0x65, 0xFE, 0xFF, 0xFF, 0xC9, 0xC3, 0x55, 0x48, 0x89,
  0xE5, 0x48, 0x83, 0xEC, 0x10, 0x48, 0x89, 0x7D, 0xF8, 0x89, 0x75, 0xF4,
  0x8B, 0x45, 0xF4, 0x48, 0x63, 0xD0, 0x48, 0x8B, 0x45, 0xF8, 0x48, 0x89,
  0xC6, 0xBF, 0x64, 0x00, 0x00, 0x00, 0xE8, 0x60, 0xFE, 0xFF, 0xFF, 0xC9,
  0xC3, 0x55, 0x48, 0x89, 0xE5, 0x48, 0x83, 0xEC, 0x08, 0x48, 0x89, 0x7D,
  0xF8, 0x48, 0x8B, 0x45, 0xF8, 0x48, 0x89, 0xC6, 0xBF, 0x65, 0x00, 0x00,
  0x00, 0xE8, 0x1E, 0xFE, 0xFF, 0xFF, 0xC9, 0xC3, 0x55, 0x48, 0x89, 0xE5,
  0x48, 0x83, 0xEC, 0x10, 0x48, 0x89, 0x7D, 0xF8, 0x48, 0x89, 0x75, 0xF0,
  0x48, 0x8B, 0x55, 0xF0, 0x48, 0x8B, 0x45, 0xF8, 0x48, 0x89, 0xC6, 0xBF,
  0x28, 0x00, 0x00, 0x00, 0xE8, 0x1A, 0xFE, 0xFF, 0xFF, 0xC9, 0xC3, 0x55,
  0x48, 0x89, 0xE5, 0xBF, 0x29, 0x00, 0x00, 0x00, 0xE8, 0xCF, 0xFD, 0xFF,
  0xFF, 0x5D, 0xC3, 0x55, 0x48, 0x89, 0xE5, 0x48, 0x83, 0xEC, 0x18, 0x48,
  0x89, 0x7D, 0xF8, 0x48, 0x89, 0x75, 0xF0, 0x89, 0xD0, 0x88, 0x45, 0xEC,
  0x0F, 0xB6, 0x4D, 0xEC, 0x48, 0x8B, 0x55, 0xF0, 0x48, 0x8B, 0x45, 0xF8,
  0x48, 0x89, 0xC6, 0xBF, 0x2B, 0x00, 0x00, 0x00, 0xE8, 0x08, 0xFE, 0xFF,
  0xFF, 0xC9, 0xC3, 0x55, 0x48, 0x89, 0xE5, 0x48, 0x83, 0xEC, 0x10, 0x48,
  0x89, 0x7D, 0xF8, 0x48, 0x89, 0x75, 0xF0, 0x48, 0x8B, 0x55, 0xF0, 0x48,
  0x8B, 0x45, 0xF8, 0x48, 0x89, 0xC6, 0xBF, 0x30, 0x00, 0x00, 0x00, 0xE8,
  0xB3, 0xFD, 0xFF, 0xFF, 0xC9, 0xC3, 0x55, 0x48, 0x89, 0xE5, 0x48, 0x83,
  0xEC, 0x08, 0x48, 0x89, 0x7D, 0xF8, 0x48, 0x8B, 0x45, 0xF8, 0x48, 0x89,
  0xC6, 0xBF, 0x31, 0x00, 0x00, 0x00, 0xE8, 0x71, 0xFD, 0xFF, 0xFF, 0xC9,
  0xC3, 0x55, 0x48, 0x89, 0xE5, 0x48, 0x83, 0xEC, 0x10, 0x48, 0x89, 0x7D,
  0xF8, 0x89, 0x75, 0xF4, 0x8B, 0x45, 0xF4, 0x48, 0x63, 0xD0, 0x48, 0x8B,
  0x45, 0xF8, 0x48, 0x89, 0xC6, 0xBF, 0x6C, 0x00, 0x00, 0x00, 0xE8, 0x6C,
  0xFD, 0xFF, 0xFF, 0xC9, 0xC3, 0x55, 0x48, 0x89, 0xE5, 0x48, 0x83, 0xEC,
  0x10, 0x48, 0x89, 0x7D, 0xF8, 0x89, 0x75, 0xF4, 0x8B, 0x45, 0xF4, 0x48,
  0x63, 0xD0, 0x48, 0x8B, 0x45, 0xF8, 0x48, 0x89, 0xC6, 0xBF, 0x6D, 0x00,
  0x00, 0x00, 0xE8, 0x44, 0xFD, 0xFF, 0xFF, 0xC9, 0xC3, 0x55, 0x48, 0x89,
  0xE5, 0xBF, 0x66, 0x00, 0x00, 0x00, 0xE8, 0xF9, 0xFC, 0xFF, 0xFF, 0x5D,
  0xC3, 0x55, 0x48, 0x89, 0xE5, 0x48, 0x83, 0xEC, 0x18, 0x48, 0x89, 0x7D,
  0xE8, 0xC7, 0x45, 0xFC, 0x00, 0x00, 0x00, 0x00, 0xEB, 0x04, 0x83, 0x45,
  0xFC, 0x01, 0x8B, 0x45, 0xFC, 0x48, 0x63, 0xD0, 0x48, 0x8B, 0x45, 0xE8,
  0x48, 0x01, 0xD0, 0x0F, 0xB6, 0x00, 0x84, 0xC0, 0x75, 0xE8, 0x8B, 0x55,
  0xFC, 0x48, 0x8B, 0x45, 0xE8, 0x48, 0x89, 0xC6, 0xBF, 0x01, 0x00, 0x00,
  0x00, 0xE8, 0xD5, 0xFD, 0xFF, 0xFF, 0x90, 0xC9, 0xC3, 0x55, 0x48, 0x89,
  0xE5, 0x48, 0x83, 0xEC, 0x10, 0x48, 0x89, 0x7D, 0xF8, 0x48, 0x8B, 0x45,
  0xF8, 0x48, 0x89, 0xC7, 0xE8, 0xA4, 0xFF, 0xFF, 0xFF, 0x48, 0x8D, 0x05,
  0x94, 0x2C, 0x00, 0x00, 0x48, 0x89, 0xC7, 0xE8, 0x95, 0xFF, 0xFF, 0xFF,
  0x90, 0xC9, 0xC3, 0x55, 0x48, 0x89, 0xE5, 0x48, 0x83, 0xEC, 0x08, 0x89,
  0xF8, 0x88, 0x45, 0xFC, 0x48, 0x8D, 0x45, 0xFC, 0xBA, 0x01, 0x00, 0x00,
  0x00, 0x48, 0x89, 0xC6, 0xBF, 0x01, 0x00, 0x00, 0x00, 0xE8, 0x85, 0xFD,
  0xFF, 0xFF, 0x90, 0xC9, 0xC3, 0x55, 0x48, 0x89, 0xE5, 0x48, 0x83, 0xEC,
  0x30, 0x48, 0x89, 0x7D, 0xD8, 0xC6, 0x45, 0xF0, 0x00, 0xC7, 0x45, 0xFC,
  0x0F, 0x00, 0x00, 0x00, 0xEB, 0x34, 0x48, 0x8B, 0x45, 0xD8, 0x83, 0xE0,
  0x0F, 0x89, 0x45, 0xF8, 0x83, 0x7D, 0xF8, 0x09, 0x7F, 0x0A, 0x8B, 0x45,
  0xF8, 0x83, 0xC0, 0x30, 0x89, 0xC2, 0xEB, 0x08, 0x8B, 0x45, 0xF8, 0x83,
  0xC0, 0x37, 0x89, 0xC2, 0x8B, 0x45, 0xFC, 0x48, 0x98, 0x88, 0x54, 0x05,
  0xE0, 0x48, 0xC1, 0x6D, 0xD8, 0x04, 0x83, 0x6D, 0xFC, 0x01, 0x83, 0x7D,
  0xFC, 0x00, 0x79, 0xC6, 0x48, 0x8D, 0x05, 0x0B, 0x2C, 0x00, 0x00, 0x48,
  0x89, 0xC7, 0xE8, 0x0A, 0xFF, 0xFF, 0xFF, 0x48, 0x8D, 0x45, 0xE0, 0x48,
  0x89, 0xC7, 0xE8, 0xFE, 0xFE, 0xFF, 0xFF, 0x90, 0xC9, 0xC3, 0x55, 0x48,
  0x89, 0xE5, 0x48, 0x83, 0xEC, 0x30, 0x48, 0x89, 0x7D, 0xD8, 0xC7, 0x45,
  0xFC, 0x14, 0x00, 0x00, 0x00, 0x8B, 0x45, 0xFC, 0x48, 0x98, 0xC6, 0x44,
  0x05, 0xE0, 0x00, 0xC7, 0x45, 0xF8, 0x00, 0x00, 0x00, 0x00, 0x48, 0x83,
  0x7D, 0xD8, 0x00, 0x79, 0x0B, 0xC7, 0x45, 0xF8, 0x01, 0x00, 0x00, 0x00,
  0x48, 0xF7, 0x5D, 0xD8, 0x48, 0x83, 0x7D, 0xD8, 0x00, 0x0F, 0x85, 0x82,
  0x00, 0x00, 0x00, 0x83, 0x6D, 0xFC, 0x01, 0x8B, 0x45, 0xFC, 0x48, 0x98,
  0xC6, 0x44, 0x05, 0xE0, 0x30, 0xEB, 0x79, 0x48, 0x8B, 0x4D, 0xD8, 0x48,
  0xBA, 0x67, 0x66, 0x66, 0x66, 0x66, 0x66, 0x66, 0x66, 0x48, 0x89, 0xC8,
  0x48, 0xF7, 0xEA, 0x48, 0xC1, 0xFA, 0x02, 0x48, 0x89, 0xC8, 0x48, 0xC1,
  0xF8, 0x3F, 0x48, 0x29, 0xC2, 0x48, 0x89, 0xD0, 0x48, 0xC1, 0xE0, 0x02,
  0x48, 0x01, 0xD0, 0x48, 0x01, 0xC0, 0x48, 0x29, 0xC1, 0x48, 0x89, 0xCA,
  0x89, 0xD0, 0x83, 0xC0, 0x30, 0x83, 0x6D, 0xFC, 0x01, 0x89, 0xC2, 0x8B,
  0x45, 0xFC, 0x48, 0x98, 0x88, 0x54, 0x05, 0xE0, 0x48, 0x8B, 0x4D, 0xD8,
  0x48, 0xBA, 0x67, 0x66, 0x66, 0x66, 0x66, 0x66, 0x66, 0x66, 0x48, 0x89,
  0xC8, 0x48, 0xF7, 0xEA, 0x48, 0x89, 0xD0, 0x48, 0xC1, 0xF8, 0x02, 0x48,
  0xC1, 0xF9, 0x3F, 0x48, 0x89, 0xCA, 0x48, 0x29, 0xD0, 0x48, 0x89, 0x45,
  0xD8, 0x48, 0x83, 0x7D, 0xD8, 0x00, 0x7F, 0x87, 0x83, 0x7D, 0xF8, 0x00,
  0x74, 0x0E, 0x83, 0x6D, 0xFC, 0x01, 0x8B, 0x45, 0xFC, 0x48, 0x98, 0xC6,
  0x44, 0x05, 0xE0, 0x2D, 0x48, 0x8D, 0x55, 0xE0, 0x8B, 0x45, 0xFC, 0x48,
  0x98, 0x48, 0x01, 0xD0, 0x48, 0x89, 0xC7, 0xE8, 0x09, 0xFE, 0xFF, 0xFF,
  0x90, 0xC9, 0xC3, 0x55, 0x48, 0x89, 0xE5, 0x48, 0x83, 0xEC, 0x20, 0x48,
  0x89, 0x7D, 0xE8, 0x89, 0x75, 0xE4, 0xC7, 0x45, 0xFC, 0x00, 0x00, 0x00,
  0x00, 0xE9, 0x9D, 0x00, 0x00, 0x00, 0x48, 0x8D, 0x45, 0xF7, 0xBA, 0x01,
  0x00, 0x00, 0x00, 0x48, 0x89, 0xC6, 0xBF, 0x00, 0x00, 0x00, 0x00, 0xE8,
  0xBB, 0xFB, 0xFF, 0xFF, 0x89, 0x45, 0xF8, 0x83, 0x7D, 0xF8, 0x00, 0x7E,
  0x7D, 0x0F, 0xB6, 0x45, 0xF7, 0x3C, 0x0A, 0x75, 0x11, 0x48, 0x8D, 0x05,
  0xB4, 0x2A, 0x00, 0x00, 0x48, 0x89, 0xC7, 0xE8, 0xB5, 0xFD, 0xFF, 0xFF,
  0xEB, 0x74, 0x0F, 0xB6, 0x45, 0xF7, 0x3C, 0x08, 0x74, 0x08, 0x0F, 0xB6,
  0x45, 0xF7, 0x3C, 0x7F, 0x75, 0x1B, 0x83, 0x7D, 0xFC, 0x00, 0x7E, 0x4F,
  0x83, 0x6D, 0xFC, 0x01, 0x48, 0x8D, 0x05, 0x8E, 0x2A, 0x00, 0x00, 0x48,
  0x89, 0xC7, 0xE8, 0x8A, 0xFD, 0xFF, 0xFF, 0xEB, 0x3A, 0x0F, 0xB6, 0x45,
  0xF7, 0x3C, 0x1F, 0x7E, 0x32, 0x0F, 0xB6, 0x45, 0xF7, 0x3C, 0x7F, 0x74,
  0x2A, 0x8B, 0x45, 0xFC, 0x8D, 0x50, 0x01, 0x89, 0x55, 0xFC, 0x48, 0x63,
  0xD0, 0x48, 0x8B, 0x45, 0xE8, 0x48, 0x01, 0xC2, 0x0F, 0xB6, 0x45, 0xF7,
  0x88, 0x02, 0x0F, 0xB6, 0x45, 0xF7, 0x0F, 0xBE, 0xC0, 0x89, 0xC7, 0xE8,
  0xBF, 0xFD, 0xFF, 0xFF, 0xEB, 0x01, 0x90, 0x8B, 0x45, 0xE4, 0x83, 0xE8,
  0x01, 0x39, 0x45, 0xFC, 0x0F, 0x8C, 0x54, 0xFF, 0xFF, 0xFF, 0x8B, 0x45,
  0xFC, 0x48, 0x63, 0xD0, 0x48, 0x8B, 0x45, 0xE8, 0x48, 0x01, 0xD0, 0xC6,
  0x00, 0x00, 0x8B, 0x45, 0xFC, 0xC9, 0xC3, 0x55, 0x48, 0x89, 0xE5, 0x48,
  0x89, 0x7D, 0xD8, 0x48, 0x89, 0x75, 0xD0, 0x48, 0x8B, 0x45, 0xD0, 0xC7,
  0x00, 0x00, 0x00, 0x00, 0x00, 0xC7, 0x45, 0xFC, 0x00, 0x00, 0x00, 0x00,
  0xC7, 0x45, 0xF8, 0x00, 0x00, 0x00, 0x00, 0x48, 0x8B, 0x45, 0xD8, 0x48,
  0x89, 0x45, 0xF0, 0x48, 0x8D, 0x05, 0x6E, 0x4E, 0x00, 0x00, 0x48, 0x89,
  0x45, 0xE8, 0xE9, 0xAE, 0x00, 0x00, 0x00, 0x48, 0x8B, 0x45, 0xF0, 0x0F,
  0xB6, 0x00, 0x3C, 0x22, 0x75, 0x17, 0x83, 0x7D, 0xF8, 0x00, 0x0F, 0x94,
  0xC0, 0x0F, 0xB6, 0xC0, 0x89, 0x45, 0xF8, 0x48, 0x83, 0x45, 0xF0, 0x01,
  0xE9, 0x8C, 0x00, 0x00, 0x00, 0x48, 0x8B, 0x45, 0xF0, 0x0F, 0xB6, 0x00,
  0x3C, 0x20, 0x75, 0x29, 0x83, 0x7D, 0xF8, 0x00, 0x75, 0x23, 0x83, 0x7D,
  0xFC, 0x00, 0x74, 0x16, 0x48, 0x8B, 0x45, 0xE8, 0x48, 0x8D, 0x50, 0x01,
  0x48, 0x89, 0x55, 0xE8, 0xC6, 0x00, 0x00, 0xC7, 0x45, 0xFC, 0x00, 0x00,
  0x00, 0x00, 0x48, 0x83, 0x45, 0xF0, 0x01, 0xEB, 0x58, 0x83, 0x7D, 0xFC,
  0x00, 0x75, 0x35, 0x48, 0x8B, 0x45, 0xD0, 0x8B, 0x00, 0x48, 0x98, 0x48,
  0x8D, 0x0C, 0xC5, 0x00, 0x00, 0x00, 0x00, 0x48, 0x8D, 0x15, 0x72, 0x4D,
  0x00, 0x00, 0x48, 0x8B, 0x45, 0xE8, 0x48, 0x89, 0x04, 0x11, 0x48, 0x8B,
  0x45, 0xD0, 0x8B, 0x00, 0x8D, 0x50, 0x01, 0x48, 0x8B, 0x45, 0xD0, 0x89,
  0x10, 0xC7, 0x45, 0xFC, 0x01, 0x00, 0x00, 0x00, 0x48, 0x8B, 0x55, 0xF0,
  0x48, 0x8D, 0x42, 0x01, 0x48, 0x89, 0x45, 0xF0, 0x48, 0x8B, 0x45, 0xE8,
  0x48, 0x8D, 0x48, 0x01, 0x48, 0x89, 0x4D, 0xE8, 0x0F, 0xB6, 0x12, 0x88,
  0x10, 0x48, 0x8B, 0x45, 0xF0, 0x0F, 0xB6, 0x00, 0x84, 0xC0, 0x74, 0x0F,
  0x48, 0x8B, 0x45, 0xD0, 0x8B, 0x00, 0x83, 0xF8, 0x0E, 0x0F, 0x8E, 0x38,
  0xFF, 0xFF, 0xFF, 0x48, 0x8B, 0x45, 0xE8, 0xC6, 0x00, 0x00, 0x48, 0x8B,
  0x45, 0xD0, 0x8B, 0x00, 0x48, 0x98, 0x48, 0x8D, 0x14, 0xC5, 0x00, 0x00,
  0x00, 0x00, 0x48, 0x8D, 0x05, 0xFF, 0x4C, 0x00, 0x00, 0x48, 0xC7, 0x04,
  0x02, 0x00, 0x00, 0x00, 0x00, 0x48, 0x8D, 0x05, 0xF0, 0x4C, 0x00, 0x00,
  0x5D, 0xC3, 0x55, 0x48, 0x89, 0xE5, 0x48, 0x89, 0x7D, 0xF8, 0x48, 0x89,
  0x75, 0xF0, 0xEB, 0x0A, 0x48, 0x83, 0x45, 0xF8, 0x01, 0x48, 0x83, 0x45,
  0xF0, 0x01, 0x48, 0x8B, 0x45, 0xF8, 0x0F, 0xB6, 0x00, 0x84, 0xC0, 0x74,
  0x1D, 0x48, 0x8B, 0x45, 0xF0, 0x0F, 0xB6, 0x00, 0x84, 0xC0, 0x74, 0x12,
  0x48, 0x8B, 0x45, 0xF8, 0x0F, 0xB6, 0x10, 0x48, 0x8B, 0x45, 0xF0, 0x0F,
  0xB6, 0x00, 0x38, 0xC2, 0x74, 0xCE, 0x48, 0x8B, 0x45, 0xF8, 0x0F, 0xB6,
  0x00, 0x0F, 0xBE, 0xD0, 0x48, 0x8B, 0x45, 0xF0, 0x0F, 0xB6, 0x00, 0x0F,
  0xBE, 0xC0, 0x29, 0xC2, 0x89, 0xD0, 0x5D, 0xC3, 0x55, 0x48, 0x89, 0xE5,
  0x48, 0x89, 0x7D, 0xE8, 0xC7, 0x45, 0xFC, 0x00, 0x00, 0x00, 0x00, 0xEB,
  0x04, 0x83, 0x45, 0xFC, 0x01, 0x8B, 0x45, 0xFC, 0x48, 0x63, 0xD0, 0x48,
  0x8B, 0x45, 0xE8, 0x48, 0x01, 0xD0, 0x0F, 0xB6, 0x00, 0x84, 0xC0, 0x75,
  0xE8, 0x8B, 0x45, 0xFC, 0x5D, 0xC3, 0x55, 0x48, 0x89, 0xE5, 0x48, 0x89,
  0x7D, 0xF8, 0x48, 0x89, 0x75, 0xF0, 0xEB, 0x1D, 0x48, 0x8B, 0x55, 0xF0,
  0x48, 0x8D, 0x42, 0x01, 0x48, 0x89, 0x45, 0xF0, 0x48, 0x8B, 0x45, 0xF8,
  0x48, 0x8D, 0x48, 0x01, 0x48, 0x89, 0x4D, 0xF8, 0x0F, 0xB6, 0x12, 0x88,
  0x10, 0x48, 0x8B, 0x45, 0xF0, 0x0F, 0xB6, 0x00, 0x84, 0xC0, 0x75, 0xD8,
  0x48, 0x8B, 0x45, 0xF8, 0xC6, 0x00, 0x00, 0x90, 0x5D, 0xC3, 0x55, 0x48,
  0x89, 0xE5, 0x48, 0x89, 0x7D, 0xE8, 0x48, 0x89, 0x75, 0xE0, 0x89, 0x55,
  0xDC, 0x48, 0x8B, 0x45, 0xE8, 0x48, 0x89, 0x45, 0xF8, 0x48, 0x8B, 0x45,
  0xE0, 0x48, 0x89, 0x45, 0xF0, 0xEB, 0x1D, 0x48, 0x8B, 0x55, 0xF0, 0x48,
  0x8D, 0x42, 0x01, 0x48, 0x89, 0x45, 0xF0, 0x48, 0x8B, 0x45, 0xF8, 0x48,
  0x8D, 0x48, 0x01, 0x48, 0x89, 0x4D, 0xF8, 0x0F, 0xB6, 0x12, 0x88, 0x10,
  0x8B, 0x45, 0xDC, 0x8D, 0x50, 0xFF, 0x89, 0x55, 0xDC, 0x85, 0xC0, 0x75,
  0xD6, 0x90, 0x90, 0x5D, 0xC3, 0x55, 0x48, 0x89, 0xE5, 0x48, 0x89, 0x7D,
  0xE8, 0x89, 0x75, 0xE4, 0x89, 0x55, 0xE0, 0x48, 0x8B, 0x45, 0xE8, 0x48,
  0x89, 0x45, 0xF8, 0xEB, 0x11, 0x48, 0x8B, 0x45, 0xF8, 0x48, 0x8D, 0x50,
  0x01, 0x48, 0x89, 0x55, 0xF8, 0x8B, 0x55, 0xE4, 0x88, 0x10, 0x8B, 0x45,
  0xE0, 0x8D, 0x50, 0xFF, 0x89, 0x55, 0xE0, 0x85, 0xC0, 0x75, 0xE2, 0x90,
  0x90, 0x5D, 0xC3, 0x55, 0x48, 0x89, 0xE5, 0x48, 0x83, 0xEC, 0x10, 0x48,
  0x89, 0x7D, 0xF8, 0x89, 0x75, 0xF4, 0x89, 0x55, 0xF0, 0x8B, 0x55, 0xF0,
  0x8B, 0x4D, 0xF4, 0x48, 0x8B, 0x45, 0xF8, 0x89, 0xCE, 0x48, 0x89, 0xC7,
  0xE8, 0x16, 0xF8, 0xFF, 0xFF, 0xC9, 0xC3, 0x55, 0x48, 0x89, 0xE5, 0x48,
  0x83, 0xEC, 0x08, 0x89, 0x7D, 0xFC, 0x8B, 0x45, 0xFC, 0x89, 0xC7, 0xE8,
  0x30, 0xF8, 0xFF, 0xFF, 0xC9, 0xC3, 0x55, 0x48, 0x89, 0xE5, 0x48, 0x83,
  0xEC, 0x10, 0x89, 0x7D, 0xFC, 0x48, 0x89, 0x75, 0xF0, 0x89, 0x55, 0xF8,
  0x8B, 0x55, 0xF8, 0x48, 0x8B, 0x4D, 0xF0, 0x8B, 0x45, 0xFC, 0x48, 0x89,
  0xCE, 0x89, 0xC7, 0xE8, 0x27, 0xF8, 0xFF, 0xFF, 0xC9, 0xC3, 0x55, 0x48,
  0x89, 0xE5, 0x48, 0x83, 0xEC, 0x10, 0x89, 0x7D, 0xFC, 0x48, 0x89, 0x75,
  0xF0, 0x89, 0x55, 0xF8, 0x8B, 0x55, 0xF8, 0x48, 0x8B, 0x4D, 0xF0, 0x8B,
  0x45, 0xFC, 0x48, 0x89, 0xCE, 0x89, 0xC7, 0xE8, 0x2F, 0xF8, 0xFF, 0xFF,
  0xC9, 0xC3, 0x55, 0x48, 0x89, 0xE5, 0x48, 0x83, 0xEC, 0x10, 0x48, 0x89,
  0x7D, 0xF8, 0x89, 0x75, 0xF4, 0x8B, 0x55, 0xF4, 0x48, 0x8B, 0x45, 0xF8,
  0x89, 0xD6, 0x48, 0x89, 0xC7, 0xE8, 0x3D, 0xF8, 0xFF, 0xFF, 0xC9, 0xC3,
  0x55, 0x48, 0x89, 0xE5, 0x48, 0x83, 0xEC, 0x08, 0x48, 0x89, 0x7D, 0xF8,
  0x48, 0x8B, 0x45, 0xF8, 0x48, 0x89, 0xC7, 0xE8, 0x4B, 0xF8, 0xFF, 0xFF,
  0xC9, 0xC3, 0x55, 0x48, 0x89, 0xE5, 0x48, 0x83, 0xEC, 0x08, 0x48, 0x89,
  0x7D, 0xF8, 0x48, 0x8B, 0x45, 0xF8, 0x48, 0x89, 0xC7, 0xE8, 0x50, 0xF8,
  0xFF, 0xFF, 0xC9, 0xC3, 0x55, 0x48, 0x89, 0xE5, 0x48, 0x83, 0xEC, 0x10,
  0x48, 0x89, 0x7D, 0xF8, 0x89, 0x75, 0xF4, 0x8B, 0x55, 0xF4, 0x48, 0x8B,
  0x45, 0xF8, 0x89, 0xD6, 0x48, 0x89, 0xC7, 0xE8, 0x4D, 0xF8, 0xFF, 0xFF,
  0xC9, 0xC3, 0x55, 0x48, 0x89, 0xE5, 0x48, 0x83, 0xEC, 0x08, 0x48, 0x89,
  0x7D, 0xF8, 0x48, 0x8B, 0x45, 0xF8, 0x48, 0x89, 0xC7, 0xE8, 0x5B, 0xF8,
  0xFF, 0xFF, 0xC9, 0xC3, 0x55, 0x48, 0x89, 0xE5, 0x48, 0x83, 0xEC, 0x10,
  0x48, 0x89, 0x7D, 0xF8, 0x48, 0x89, 0x75, 0xF0, 0x48, 0x8B, 0x55, 0xF8,
  0x48, 0x8B, 0x45, 0xF0, 0x48, 0x89, 0xD6, 0x48, 0x89, 0xC7, 0xE8, 0x55,
  0xF8, 0xFF, 0xFF, 0xC9, 0xC3, 0x55, 0x48, 0x89, 0xE5, 0xE8, 0x71, 0xF8,
  0xFF, 0xFF, 0x90, 0x5D, 0xC3, 0x55, 0x48, 0x89, 0xE5, 0x48, 0x83, 0xEC,
  0x18, 0x48, 0x89, 0x7D, 0xF8, 0x48, 0x89, 0x75, 0xF0, 0x89, 0xD0, 0x88,
  0x45, 0xEC, 0x0F, 0xB6, 0x55, 0xEC, 0x48, 0x8B, 0x4D, 0xF0, 0x48, 0x8B,
  0x45, 0xF8, 0x48, 0x89, 0xCE, 0x48, 0x89, 0xC7, 0xE8, 0x52, 0xF8, 0xFF,
  0xFF, 0xC9, 0xC3, 0x55, 0x48, 0x89, 0xE5, 0x48, 0x83, 0xEC, 0x10, 0x48,
  0x89, 0x7D, 0xF8, 0x48, 0x89, 0x75, 0xF0, 0x48, 0x8B, 0x55, 0xF0, 0x48,
  0x8B, 0x45, 0xF8, 0x48, 0x89, 0xD6, 0x48, 0x89, 0xC7, 0xE8, 0x5D, 0xF8,
  0xFF, 0xFF, 0xC9, 0xC3, 0x55, 0x48, 0x89, 0xE5, 0x48, 0x83, 0xEC, 0x08,
  0x48, 0x89, 0x7D, 0xF8, 0x48, 0x8B, 0x45, 0xF8, 0x48, 0x89, 0xC7, 0xE8,
  0x6A, 0xF8, 0xFF, 0xFF, 0xC9, 0xC3, 0x55, 0x48, 0x89, 0xE5, 0x48, 0x83,
  0xEC, 0x10, 0x48, 0x89, 0x7D, 0xF8, 0x89, 0x75, 0xF4, 0x8B, 0x55, 0xF4,
  0x48, 0x8B, 0x45, 0xF8, 0x89, 0xD6, 0x48, 0x89, 0xC7, 0xE8, 0x67, 0xF8,
  0xFF, 0xFF, 0xC9, 0xC3, 0x55, 0x48, 0x89, 0xE5, 0x48, 0x83, 0xEC, 0x10,
  0x48, 0x89, 0x7D, 0xF8, 0x89, 0x75, 0xF4, 0x8B, 0x55, 0xF4, 0x48, 0x8B,
  0x45, 0xF8, 0x89, 0xD6, 0x48, 0x89, 0xC7, 0xE8, 0x6D, 0xF8, 0xFF, 0xFF,
  0xC9, 0xC3, 0x55, 0x48, 0x89, 0xE5, 0x89, 0x7D, 0xEC, 0xC7, 0x45, 0xFC,
  0x00, 0x00, 0x00, 0x00, 0xEB, 0x1C, 0xC7, 0x45, 0xFC, 0x00, 0x00, 0x00,
  0x00, 0xEB, 0x09, 0x8B, 0x45, 0xFC, 0x83, 0xC0, 0x01, 0x89, 0x45, 0xFC,
  0x8B, 0x45, 0xFC, 0x3D, 0x7F, 0x96, 0x98, 0x00, 0x7E, 0xED, 0x8B, 0x45,
  0xEC, 0x8D, 0x50, 0xFF, 0x89, 0x55, 0xEC, 0x85, 0xC0, 0x7F, 0xD7, 0x90,
  0x90, 0x5D, 0xC3, 0x55, 0x48, 0x89, 0xE5, 0xE8, 0x4D, 0xF8, 0xFF, 0xFF,
  0x90, 0x5D, 0xC3, 0x55, 0x48, 0x89, 0xE5, 0x48, 0x89, 0x7D, 0xE8, 0x48,
  0x89, 0x75, 0xE0, 0x48, 0x8B, 0x45, 0xE8, 0x48, 0x8B, 0x55, 0xE0, 0x48,
  0x89, 0xD7, 0xCD, 0x80, 0x48, 0x89, 0x45, 0xF8, 0x48, 0x8B, 0x45, 0xF8,
  0x5D, 0xC3, 0x55, 0x48, 0x89, 0xE5, 0x48, 0x83, 0xEC, 0x08, 0x89, 0x7D,
  0xFC, 0x8B, 0x45, 0xFC, 0x48, 0x98, 0x48, 0x89, 0xC6, 0xBF, 0x02, 0x00,
  0x00, 0x00, 0xE8, 0xC0, 0xFF, 0xFF, 0xFF, 0xC9, 0xC3, 0x55, 0x48, 0x89,
  0xE5, 0x48, 0x8D, 0x05, 0x14, 0x25, 0x00, 0x00, 0x48, 0x89, 0xC7, 0xE8,
  0x05, 0xF8, 0xFF, 0xFF, 0x48, 0x8D, 0x05, 0x27, 0x25, 0x00, 0x00, 0x48,
  0x89, 0xC7, 0xE8, 0xF6, 0xF7, 0xFF, 0xFF, 0xBF, 0x01, 0x00, 0x00, 0x00,
  0xE8, 0xB5, 0xFF, 0xFF, 0xFF, 0x90, 0x5D, 0xC3, 0x55, 0x48, 0x89, 0xE5,
  0xE8, 0xC8, 0xFF, 0xFF, 0xFF, 0x90, 0x5D, 0xC3, 0x55, 0x48, 0x89, 0xE5,
  0x48, 0x89, 0x7D, 0xE8, 0x48, 0x8B, 0x45, 0xE8, 0xCD, 0x80, 0x48, 0x89,
  0x45, 0xF8, 0x48, 0x8B, 0x45, 0xF8, 0x5D, 0xC3, 0x55, 0x48, 0x89, 0xE5,
  0xBF, 0x06, 0x00, 0x00, 0x00, 0xE8, 0xDA, 0xFF, 0xFF, 0xFF, 0x5D, 0xC3,
  0x55, 0x48, 0x89, 0xE5, 0x48, 0x8D, 0x05, 0xF1, 0x24, 0x00, 0x00, 0x48,
  0x89, 0xC7, 0xE8, 0xA2, 0xF7, 0xFF, 0xFF, 0x48, 0x8D, 0x05, 0xEA, 0x24,
  0x00, 0x00, 0x48, 0x89, 0xC7, 0xE8, 0xD7, 0xF7, 0xFF, 0xFF, 0x48, 0x8D,
  0x05, 0x0B, 0x25, 0x00, 0x00, 0x48, 0x89, 0xC7, 0xE8, 0xC8, 0xF7, 0xFF,
  0xFF, 0x48, 0x8D, 0x05, 0x1C, 0x25, 0x00, 0x00, 0x48, 0x89, 0xC7, 0xE8,
  0xB9, 0xF7, 0xFF, 0xFF, 0x48, 0x8D, 0x05, 0xBD, 0x24, 0x00, 0x00, 0x48,
  0x89, 0xC7, 0xE8, 0xAA, 0xF7, 0xFF, 0xFF, 0x48, 0x8D, 0x05, 0xA6, 0x24,
  0x00, 0x00, 0x48, 0x89, 0xC7, 0xE8, 0x57, 0xF7, 0xFF, 0xFF, 0x90, 0x5D,
  0xC3, 0x55, 0x48, 0x89, 0xE5, 0x48, 0x83, 0xEC, 0x10, 0xE8, 0x82, 0xFF,
  0xFF, 0xFF, 0x48, 0x89, 0x45, 0xF8, 0x48, 0x83, 0x7D, 0xF8, 0x00, 0x74,
  0x2C, 0x48, 0x8D, 0x05, 0xF8, 0x24, 0x00, 0x00, 0x48, 0x89, 0xC7, 0xE8,
  0x2D, 0xF7, 0xFF, 0xFF, 0x48, 0x8B, 0x45, 0xF8, 0x48, 0x89, 0xC7, 0xE8,
  0xB5, 0xF7, 0xFF, 0xFF, 0x48, 0x8D, 0x05, 0xE5, 0x24, 0x00, 0x00, 0x48,
  0x89, 0xC7, 0xE8, 0x12, 0xF7, 0xFF, 0xFF, 0xEB, 0x0F, 0x48, 0x8D, 0x05,
  0xD7, 0x24, 0x00, 0x00, 0x48, 0x89, 0xC7, 0xE8, 0x01, 0xF7, 0xFF, 0xFF,
  0x90, 0xC9, 0xC3, 0x55, 0x48, 0x89, 0xE5, 0x48, 0x81, 0xEC, 0x20, 0x01,
  0x00, 0x00, 0x48, 0x8D, 0x05, 0xC3, 0x24, 0x00, 0x00, 0x48, 0x89, 0xC7,
  0xE8, 0xE4, 0xF6, 0xFF, 0xFF, 0xE8, 0x9D, 0x13, 0x00, 0x00, 0x85, 0xC0,
  0x74, 0x14, 0x48, 0x8D, 0x05, 0xDB, 0x24, 0x00, 0x00, 0x48, 0x89, 0xC7,
  0xE8, 0xCC, 0xF6, 0xFF, 0xFF, 0xE8, 0x33, 0x14, 0x00, 0x00, 0x48, 0x8D,
  0x05, 0x07, 0x25, 0x00, 0x00, 0x48, 0x89, 0xC7, 0xE8, 0xB8, 0xF6, 0xFF,
  0xFF, 0xE8, 0xFE, 0xFE, 0xFF, 0xFF, 0xEB, 0x63, 0xE8, 0x58, 0xFF, 0xFF,
  0xFF, 0x48, 0x8D, 0x85, 0xF0, 0xFE, 0xFF, 0xFF, 0xBE, 0x00, 0x01, 0x00,
  0x00, 0x48, 0x89, 0xC7, 0xE8, 0x92, 0xF8, 0xFF, 0xFF, 0x89, 0x45, 0xFC,
  0x83, 0x7D, 0xFC, 0x00, 0x74, 0x3D, 0x48, 0x8D, 0x95, 0xEC, 0xFE, 0xFF,
  0xFF, 0x48, 0x8D, 0x85, 0xF0, 0xFE, 0xFF, 0xFF, 0x48, 0x89, 0xD6, 0x48,
  0x89, 0xC7, 0xE8, 0x4C, 0xF9, 0xFF, 0xFF, 0x48, 0x89, 0x45, 0xF0, 0x8B,
  0x85, 0xEC, 0xFE, 0xFF, 0xFF, 0x85, 0xC0, 0x74, 0x19, 0x8B, 0x85, 0xEC,
  0xFE, 0xFF, 0xFF, 0x48, 0x8B, 0x55, 0xF0, 0x48, 0x89, 0xD6, 0x89, 0xC7,
  0xE8, 0x11, 0x0D, 0x00, 0x00, 0xEB, 0x04, 0x90, 0xEB, 0x01, 0x90, 0xE8,
  0xFA, 0x0C, 0x00, 0x00, 0x85, 0xC0, 0x75, 0x94, 0x48, 0x8D, 0x05, 0xB5,
  0x24, 0x00, 0x00, 0x48, 0x89, 0xC7, 0xE8, 0x7A, 0xF6, 0xFF, 0xFF, 0x90,
  0xC9, 0xC3, 0x66, 0xB8, 0x23, 0x00, 0x8E, 0xD8, 0x8E, 0xC0, 0x8E, 0xE0,
  0x8E, 0xE8, 0x48, 0x31, 0xED, 0xE8, 0x21, 0xFF, 0xFF, 0xFF, 0x48, 0xC7,
  0xC0, 0x02, 0x00, 0x00, 0x00, 0x48, 0x31, 0xFF, 0xCD, 0x80, 0xF4, 0xEB,
  0xFD, 0x90, 0x0F, 0x0B, 0x55, 0x48, 0x89, 0xE5, 0x48, 0x89, 0x7D, 0xE8,
  0x48, 0x8B, 0x45, 0xE8, 0xCD, 0x80, 0x48, 0x89, 0x45, 0xF8, 0x48, 0x8B,
  0x45, 0xF8, 0x5D, 0xC3, 0x55, 0x48, 0x89, 0xE5, 0x48, 0x89, 0x7D, 0xE8,
  0x48, 0x89, 0x75, 0xE0, 0x48, 0x89, 0x55, 0xD8, 0x48, 0x8B, 0x45, 0xE8,
  0x48, 0x8B, 0x55, 0xE0, 0x48, 0x8B, 0x4D, 0xD8, 0x48, 0x89, 0xD7, 0x48,
  0x89, 0xCE, 0xCD, 0x80, 0x48, 0x89, 0x45, 0xF8, 0x48, 0x8B, 0x45, 0xF8,
  0x5D, 0xC3, 0x55, 0x48, 0x89, 0xE5, 0xBF, 0x06, 0x00, 0x00, 0x00, 0xE8,
  0xAC, 0xFF, 0xFF, 0xFF, 0x5D, 0xC3, 0x55, 0x48, 0x89, 0xE5, 0x48, 0x83,
  0xEC, 0x10, 0x89, 0x7D, 0xFC, 0x48, 0x89, 0x75, 0xF0, 0x48, 0x8B, 0x55,
  0xF0, 0x8B, 0x45, 0xFC, 0x48, 0x98, 0x48, 0x89, 0xC6, 0xBF, 0x21, 0x00,
  0x00, 0x00, 0xE8, 0x9D, 0xFF, 0xFF, 0xFF, 0xC9, 0xC3, 0x55, 0x48, 0x89,
  0xE5, 0x48, 0x83, 0xEC, 0x10, 0x89, 0x7D, 0xFC, 0x48, 0x89, 0x75, 0xF0,
  0x48, 0x8D, 0x05, 0x21, 0x24, 0x00, 0x00, 0x48, 0x89, 0xC7, 0xE8, 0xB6,
  0xF5, 0xFF, 0xFF, 0x48, 0x8D, 0x05, 0x2A, 0x24, 0x00, 0x00, 0x48, 0x89,
  0xC7, 0xE8, 0xA7, 0xF5, 0xFF, 0xFF, 0x48, 0x8D, 0x05, 0x4B, 0x24, 0x00,
  0x00, 0x48, 0x89, 0xC7, 0xE8, 0x98, 0xF5, 0xFF, 0xFF, 0x48, 0x8D, 0x05,
  0x5C, 0x24, 0x00, 0x00, 0x48, 0x89, 0xC7, 0xE8, 0x89, 0xF5, 0xFF, 0xFF,
  0x48, 0x8D, 0x05, 0x6A, 0x24, 0x00, 0x00, 0x48, 0x89, 0xC7, 0xE8, 0x7A,
  0xF5, 0xFF, 0xFF, 0x48, 0x8D, 0x05, 0x79, 0x24, 0x00, 0x00, 0x48, 0x89,
  0xC7, 0xE8, 0x6B, 0xF5, 0xFF, 0xFF, 0x48, 0x8D, 0x05, 0x6B, 0x24, 0x00,
  0x00, 0x48, 0x89, 0xC7, 0xE8, 0x5C, 0xF5, 0xFF, 0xFF, 0x48, 0x8D, 0x05,
  0x70, 0x24, 0x00, 0x00, 0x48, 0x89, 0xC7, 0xE8, 0x4D, 0xF5, 0xFF, 0xFF,
  0x48, 0x8D, 0x05, 0xA1, 0x24, 0x00, 0x00, 0x48, 0x89, 0xC7, 0xE8, 0x3E,
  0xF5, 0xFF, 0xFF, 0x48, 0x8D, 0x05, 0xC2, 0x24, 0x00, 0x00, 0x48, 0x89,
  0xC7, 0xE8, 0x2F, 0xF5, 0xFF, 0xFF, 0x48, 0x8D, 0x05, 0xDB, 0x24, 0x00,
  0x00, 0x48, 0x89, 0xC7, 0xE8, 0x20, 0xF5, 0xFF, 0xFF, 0x48, 0x8D, 0x05,
  0x1F, 0x24, 0x00, 0x00, 0x48, 0x89, 0xC7, 0xE8, 0x11, 0xF5, 0xFF, 0xFF,
  0x48, 0x8D, 0x05, 0xE0, 0x24, 0x00, 0x00, 0x48, 0x89, 0xC7, 0xE8, 0x02,
  0xF5, 0xFF, 0xFF, 0x48, 0x8D, 0x05, 0xDE, 0x24, 0x00, 0x00, 0x48, 0x89,
  0xC7, 0xE8, 0xF3, 0xF4, 0xFF, 0xFF, 0x48, 0x8D, 0x05, 0xFF, 0x24, 0x00,
  0x00, 0x48, 0x89, 0xC7, 0xE8, 0xE4, 0xF4, 0xFF, 0xFF, 0x48, 0x8D, 0x05,
  0x18, 0x25, 0x00, 0x00, 0x48, 0x89, 0xC7, 0xE8, 0xD5, 0xF4, 0xFF, 0xFF,
  0x48, 0x8D, 0x05, 0x39, 0x25, 0x00, 0x00, 0x48, 0x89, 0xC7, 0xE8, 0xC6,
  0xF4, 0xFF, 0xFF, 0x48, 0x8D, 0x05, 0x5A, 0x25, 0x00, 0x00, 0x48, 0x89,
  0xC7, 0xE8, 0xB7, 0xF4, 0xFF, 0xFF, 0x48, 0x8D, 0x05, 0x73, 0x25, 0x00,
  0x00, 0x48, 0x89, 0xC7, 0xE8, 0xA8, 0xF4, 0xFF, 0xFF, 0x48, 0x8D, 0x05,
  0x8C, 0x25, 0x00, 0x00, 0x48, 0x89, 0xC7, 0xE8, 0x99, 0xF4, 0xFF, 0xFF,
  0x48, 0x8D, 0x05, 0x9D, 0x25, 0x00, 0x00, 0x48, 0x89, 0xC7, 0xE8, 0x8A,
  0xF4, 0xFF, 0xFF, 0x48, 0x8D, 0x05, 0xBE, 0x25, 0x00, 0x00, 0x48, 0x89,
  0xC7, 0xE8, 0x7B, 0xF4, 0xFF, 0xFF, 0x48, 0x8D, 0x05, 0x7A, 0x23, 0x00,
  0x00, 0x48, 0x89, 0xC7, 0xE8, 0x6C, 0xF4, 0xFF, 0xFF, 0x48, 0x8D, 0x05,
  0xCB, 0x25, 0x00, 0x00, 0x48, 0x89, 0xC7, 0xE8, 0x5D, 0xF4, 0xFF, 0xFF,
  0x48, 0x8D, 0x05, 0xC9, 0x25, 0x00, 0x00, 0x48, 0x89, 0xC7, 0xE8, 0x4E,
  0xF4, 0xFF, 0xFF, 0xB8, 0x00, 0x00, 0x00, 0x00, 0xC9, 0xC3, 0x55, 0x48,
  0x89, 0xE5, 0x48, 0x83, 0xEC, 0x10, 0x89, 0x7D, 0xFC, 0x48, 0x89, 0x75,
  0xF0, 0x48, 0x8D, 0x05, 0xDC, 0x25, 0x00, 0x00, 0x48, 0x89, 0xC7, 0xE8,
  0xE5, 0xF3, 0xFF, 0xFF, 0xB8, 0x00, 0x00, 0x00, 0x00, 0xC9, 0xC3, 0x55,
  0x48, 0x89, 0xE5, 0x48, 0x83, 0xEC, 0x20, 0x89, 0x7D, 0xEC, 0x48, 0x89,
  0x75, 0xE0, 0xC7, 0x45, 0xFC, 0x01, 0x00, 0x00, 0x00, 0xEB, 0x38, 0x83,
  0x7D, 0xFC, 0x01, 0x7E, 0x0F, 0x48, 0x8D, 0x05, 0xB0, 0x25, 0x00, 0x00,
  0x48, 0x89, 0xC7, 0xE8, 0xB1, 0xF3, 0xFF, 0xFF, 0x8B, 0x45, 0xFC, 0x48,
  0x98, 0x48, 0x8D, 0x14, 0xC5, 0x00, 0x00, 0x00, 0x00, 0x48, 0x8B, 0x45,
  0xE0, 0x48, 0x01, 0xD0, 0x48, 0x8B, 0x00, 0x48, 0x89, 0xC7, 0xE8, 0x92,
  0xF3, 0xFF, 0xFF, 0x83, 0x45, 0xFC, 0x01, 0x8B, 0x45, 0xFC, 0x3B, 0x45,
  0xEC, 0x7C, 0xC0, 0x48, 0x8D, 0x05, 0x78, 0x25, 0x00, 0x00, 0x48, 0x89,
  0xC7, 0xE8, 0x77, 0xF3, 0xFF, 0xFF, 0xB8, 0x00, 0x00, 0x00, 0x00, 0xC9,
  0xC3, 0x55, 0x48, 0x89, 0xE5, 0x48, 0x83, 0xEC, 0x10, 0x89, 0x7D, 0xFC,
  0x48, 0x89, 0x75, 0xF0, 0x48, 0x8D, 0x05, 0x55, 0x25, 0x00, 0x00, 0x48,
  0x89, 0xC7, 0xE8, 0x96, 0xF3, 0xFF, 0xFF, 0xC7, 0x05, 0x47, 0x30, 0x00,
  0x00, 0x00, 0x00, 0x00, 0x00, 0xB8, 0x00, 0x00, 0x00, 0x00, 0xC9, 0xC3,
  0x55, 0x48, 0x89, 0xE5, 0x48, 0x83, 0xEC, 0x20, 0x89, 0x7D, 0xEC, 0x48,
  0x89, 0x75, 0xE0, 0x83, 0x7D, 0xEC, 0x02, 0x7F, 0x19, 0x48, 0x8D, 0x05,
  0x2C, 0x25, 0x00, 0x00, 0x48, 0x89, 0xC7, 0xE8, 0x61, 0xF3, 0xFF, 0xFF,
  0xB8, 0x01, 0x00, 0x00, 0x00, 0xE9, 0xA8, 0x00, 0x00, 0x00, 0x48, 0x8B,
  0x45, 0xE0, 0x48, 0x83, 0xC0, 0x08, 0x48, 0x8B, 0x10, 0x48, 0x8B, 0x45,
  0xE0, 0x48, 0x83, 0xC0, 0x10, 0x48, 0x8B, 0x00, 0x48, 0x89, 0xD6, 0x48,
  0x89, 0xC7, 0xE8, 0x6D, 0xF9, 0xFF, 0xFF, 0x89, 0x45, 0xFC, 0x83, 0x7D,
  0xFC, 0x00, 0x7E, 0x32, 0x48, 0x8D, 0x05, 0x0D, 0x25, 0x00, 0x00, 0x48,
  0x89, 0xC7, 0xE8, 0xDA, 0xF2, 0xFF, 0xFF, 0xE8, 0x0E, 0xFD, 0xFF, 0xFF,
  0x48, 0x89, 0xC7, 0xE8, 0x61, 0xF3, 0xFF, 0xFF, 0x48, 0x8D, 0x05, 0xBF,
  0x24, 0x00, 0x00, 0x48, 0x89, 0xC7, 0xE8, 0xBE, 0xF2, 0xFF, 0xFF, 0xB8,
  0x00, 0x00, 0x00, 0x00, 0xEB, 0x4C, 0x83, 0x7D, 0xFC, 0x98, 0x75, 0x16,
  0x48, 0x8D, 0x05, 0xF1, 0x24, 0x00, 0x00, 0x48, 0x89, 0xC7, 0xE8, 0xE6,
  0xF2, 0xFF, 0xFF, 0xB8, 0x01, 0x00, 0x00, 0x00, 0xEB, 0x30, 0x83, 0x7D,
  0xFC, 0x9B, 0x75, 0x16, 0x48, 0x8D, 0x05, 0xF6, 0x24, 0x00, 0x00, 0x48,
  0x89, 0xC7, 0xE8, 0xCA, 0xF2, 0xFF, 0xFF, 0xB8, 0x01, 0x00, 0x00, 0x00,
  0xEB, 0x14, 0x48, 0x8D, 0x05, 0xFD, 0x24, 0x00, 0x00, 0x48, 0x89, 0xC7,
  0xE8, 0xB4, 0xF2, 0xFF, 0xFF, 0xB8, 0x01, 0x00, 0x00, 0x00, 0xC9, 0xC3,
  0x55, 0x48, 0x89, 0xE5, 0x48, 0x83, 0xEC, 0x10, 0x89, 0x7D, 0xFC, 0x48,
  0x89, 0x75, 0xF0, 0xE8, 0xF5, 0xF8, 0xFF, 0xFF, 0x48, 0x8D, 0x05, 0xEF,
  0x24, 0x00, 0x00, 0x48, 0x89, 0xC7, 0xE8, 0x8A, 0xF2, 0xFF, 0xFF, 0xB8,
  0x00, 0x00, 0x00, 0x00, 0xC9, 0xC3, 0x55, 0x48, 0x89, 0xE5, 0x48, 0x83,
  0xEC, 0x20, 0x89, 0x7D, 0xEC, 0x48, 0x89, 0x75, 0xE0, 0xE8, 0x64, 0xFC,
  0xFF, 0xFF, 0x48, 0x89, 0x45, 0xF8, 0x48, 0x83, 0x7D, 0xF8, 0x00, 0x75,
  0x16, 0x48, 0x8D, 0x05, 0xC6, 0x24, 0x00, 0x00, 0x48, 0x89, 0xC7, 0xE8,
  0x55, 0xF2, 0xFF, 0xFF, 0xB8, 0x00, 0x00, 0x00, 0x00, 0xEB, 0x2F, 0x48,
  0x8D, 0x05, 0xBE, 0x24, 0x00, 0x00, 0x48, 0x89, 0xC7, 0xE8, 0xFB, 0xF1,
  0xFF, 0xFF, 0x48, 0x8B, 0x45, 0xF8, 0x48, 0x89, 0xC7, 0xE8, 0x83, 0xF2,
  0xFF, 0xFF, 0x48, 0x8D, 0x05, 0xE1, 0x23, 0x00, 0x00, 0x48, 0x89, 0xC7,
  0xE8, 0xE0, 0xF1, 0xFF, 0xFF, 0xB8, 0x00, 0x00, 0x00, 0x00, 0xC9, 0xC3,
  0x55, 0x48, 0x89, 0xE5, 0x48, 0x81, 0xEC, 0xD0, 0x00, 0x00, 0x00, 0x48,
  0x8D, 0x05, 0x11, 0x21, 0x00, 0x00, 0x48, 0x89, 0xC7, 0xE8, 0x03, 0xF2,
  0xFF, 0xFF, 0x48, 0x8D, 0x05, 0x82, 0x24, 0x00, 0x00, 0x48, 0x89, 0xC7,
  0xE8, 0xF4, 0xF1, 0xFF, 0xFF, 0x48, 0x8D, 0x05, 0xF3, 0x20, 0x00, 0x00,
  0x48, 0x89, 0xC7, 0xE8, 0xE5, 0xF1, 0xFF, 0xFF, 0x48, 0x8D, 0x05, 0x7C,
  0x24, 0x00, 0x00, 0x48, 0x89, 0xC7, 0xE8, 0x92, 0xF1, 0xFF, 0xFF, 0x48,
  0x8D, 0x45, 0xB0, 0xBE, 0x40, 0x00, 0x00, 0x00, 0x48, 0x89, 0xC7, 0xE8,
  0x7B, 0xF3, 0xFF, 0xFF, 0x48, 0x8D, 0x05, 0x6F, 0x24, 0x00, 0x00, 0x48,
  0x89, 0xC7, 0xE8, 0x72, 0xF1, 0xFF, 0xFF, 0x48, 0x8D, 0x85, 0x70, 0xFF,
  0xFF, 0xFF, 0xBE, 0x40, 0x00, 0x00, 0x00, 0x48, 0x89, 0xC7, 0xE8, 0x58,
  0xF3, 0xFF, 0xFF, 0x48, 0x8D, 0x05, 0x5B, 0x24, 0x00, 0x00, 0x48, 0x89,
  0xC7, 0xE8, 0x4F, 0xF1, 0xFF, 0xFF, 0x48, 0x8D, 0x85, 0x30, 0xFF, 0xFF,
  0xFF, 0xBE, 0x40, 0x00, 0x00, 0x00, 0x48, 0x89, 0xC7, 0xE8, 0x35, 0xF3,
  0xFF, 0xFF, 0x48, 0x8D, 0x95, 0x30, 0xFF, 0xFF, 0xFF, 0x48, 0x8D, 0x85,
  0x70, 0xFF, 0xFF, 0xFF, 0x48, 0x89, 0xD6, 0x48, 0x89, 0xC7, 0xE8, 0x2B,
  0xF5, 0xFF, 0xFF, 0x85, 0xC0, 0x74, 0x11, 0x48, 0x8D, 0x05, 0x32, 0x24,
  0x00, 0x00, 0x48, 0x89, 0xC7, 0xE8, 0x53, 0xF1, 0xFF, 0xFF, 0xEB, 0x56,
  0x48, 0x8D, 0x95, 0x70, 0xFF, 0xFF, 0xFF, 0x48, 0x8D, 0x45, 0xB0, 0x48,
  0x89, 0xD6, 0x48, 0x89, 0xC7, 0xE8, 0xD1, 0xF7, 0xFF, 0xFF, 0x89, 0x45,
  0xFC, 0x83, 0x7D, 0xFC, 0x00, 0x75, 0x11, 0x48, 0x8D, 0x05, 0x1E, 0x24,
  0x00, 0x00, 0x48, 0x89, 0xC7, 0xE8, 0x23, 0xF1, 0xFF, 0xFF, 0xEB, 0x26,
  0x83, 0x7D, 0xFC, 0x98, 0x75, 0x11, 0x48, 0x8D, 0x05, 0x26, 0x24, 0x00,
  0x00, 0x48, 0x89, 0xC7, 0xE8, 0x0C, 0xF1, 0xFF, 0xFF, 0xEB, 0x0F, 0x48,
  0x8D, 0x05, 0x31, 0x24, 0x00, 0x00, 0x48, 0x89, 0xC7, 0xE8, 0xFB, 0xF0,
  0xFF, 0xFF, 0xC9, 0xC3, 0x55, 0x48, 0x89, 0xE5, 0x48, 0x83, 0xEC, 0x20,
  0x89, 0x7D, 0xEC, 0x48, 0x89, 0x75, 0xE0, 0xE8, 0xDA, 0xFA, 0xFF, 0xFF,
  0x48, 0x89, 0x45, 0xF8, 0x48, 0x83, 0x7D, 0xF8, 0x00, 0x75, 0x16, 0x48,
  0x8D, 0x05, 0x3C, 0x23, 0x00, 0x00, 0x48, 0x89, 0xC7, 0xE8, 0xCB, 0xF0,
  0xFF, 0xFF, 0xB8, 0x01, 0x00, 0x00, 0x00, 0xEB, 0x0A, 0xE8, 0xA2, 0xFE,
  0xFF, 0xFF, 0xB8, 0x00, 0x00, 0x00, 0x00, 0xC9, 0xC3, 0x55, 0x48, 0x89,
  0xE5, 0x48, 0x83, 0xEC, 0x60, 0x89, 0x7D, 0xAC, 0x48, 0x89, 0x75, 0xA0,
  0x83, 0x7D, 0xAC, 0x01, 0x75, 0x3F, 0x48, 0x8D, 0x45, 0xB0, 0xBE, 0x40,
  0x00, 0x00, 0x00, 0x48, 0x89, 0xC7, 0xE8, 0x67, 0xF7, 0xFF, 0xFF, 0x89,
  0x45, 0xF4, 0x83, 0x7D, 0xF4, 0x00, 0x75, 0x11, 0x48, 0x8D, 0x45, 0xB0,
  0x48, 0x89, 0xC7, 0xE8, 0x7D, 0xF0, 0xFF, 0xFF, 0xE9, 0x95, 0x00, 0x00,
  0x00, 0x48, 0x8D, 0x05, 0xBA, 0x23, 0x00, 0x00, 0x48, 0x89, 0xC7, 0xE8,
  0x69, 0xF0, 0xFF, 0xFF, 0xE9, 0x81, 0x00, 0x00, 0x00, 0x48, 0x8B, 0x45,
  0xA0, 0x48, 0x83, 0xC0, 0x08, 0x48, 0x8B, 0x00, 0x48, 0x89, 0xC7, 0xE8,
  0x70, 0xF4, 0xFF, 0xFF, 0x89, 0x45, 0xFC, 0x48, 0x8B, 0x45, 0xA0, 0x48,
  0x83, 0xC0, 0x08, 0x48, 0x8B, 0x00, 0x8B, 0x55, 0xFC, 0x89, 0xD6, 0x48,
  0x89, 0xC7, 0xE8, 0x2D, 0xF7, 0xFF, 0xFF, 0x89, 0x45, 0xF8, 0x83, 0x7D,
  0xF8, 0x00, 0x75, 0x24, 0x48, 0x8D, 0x05, 0x86, 0x23, 0x00, 0x00, 0x48,
  0x89, 0xC7, 0xE8, 0xDA, 0xEF, 0xFF, 0xFF, 0x48, 0x8B, 0x45, 0xA0, 0x48,
  0x83, 0xC0, 0x08, 0x48, 0x8B, 0x00, 0x48, 0x89, 0xC7, 0xE8, 0x0B, 0xF0,
  0xFF, 0xFF, 0xEB, 0x26, 0x83, 0x7D, 0xF8, 0x97, 0x75, 0x11, 0x48, 0x8D,
  0x05, 0x6F, 0x23, 0x00, 0x00, 0x48, 0x89, 0xC7, 0xE8, 0xF4, 0xEF, 0xFF,
  0xFF, 0xEB, 0x0F, 0x48, 0x8D, 0x05, 0x8E, 0x23, 0x00, 0x00, 0x48, 0x89,
  0xC7, 0xE8, 0xE3, 0xEF, 0xFF, 0xFF, 0xB8, 0x00, 0x00, 0x00, 0x00, 0xC9,
  0xC3, 0x55, 0x48, 0x89, 0xE5, 0x48, 0x81, 0xEC, 0x30, 0x01, 0x00, 0x00,
  0x89, 0xBD, 0xDC, 0xFE, 0xFF, 0xFF, 0x48, 0x89, 0xB5, 0xD0, 0xFE, 0xFF,
  0xFF, 0x48, 0x8D, 0x05, 0x77, 0x23, 0x00, 0x00, 0x48, 0x89, 0x45, 0xF8,
  0x83, 0xBD, 0xDC, 0xFE, 0xFF, 0xFF, 0x01, 0x7E, 0x0F, 0x48, 0x8B, 0x85,
  0xD0, 0xFE, 0xFF, 0xFF, 0x48, 0x8B, 0x40, 0x08, 0x48, 0x89, 0x45, 0xF8,
  0x48, 0x8B, 0x45, 0xF8, 0xBA, 0x00, 0x00, 0x00, 0x00, 0xBE, 0x00, 0x00,
  0x00, 0x00, 0x48, 0x89, 0xC7, 0xE8, 0xA1, 0xF4, 0xFF, 0xFF, 0x89, 0x45,
  0xF0, 0x83, 0x7D, 0xF0, 0x00, 0x79, 0x34, 0x48, 0x8D, 0x05, 0x37, 0x23,
  0x00, 0x00, 0x48, 0x89, 0xC7, 0xE8, 0x2F, 0xEF, 0xFF, 0xFF, 0x48, 0x8B,
  0x45, 0xF8, 0x48, 0x89, 0xC7, 0xE8, 0x23, 0xEF, 0xFF, 0xFF, 0x48, 0x8D,
  0x05, 0x30, 0x23, 0x00, 0x00, 0x48, 0x89, 0xC7, 0xE8, 0x58, 0xEF, 0xFF,
  0xFF, 0xB8, 0x01, 0x00, 0x00, 0x00, 0xE9, 0x91, 0x00, 0x00, 0x00, 0xC7,
  0x45, 0xF4, 0x00, 0x00, 0x00, 0x00, 0xEB, 0x4B, 0x48, 0x8B, 0x85, 0xE0,
  0xFE, 0xFF, 0xFF, 0x48, 0x85, 0xC0, 0x74, 0x3F, 0x0F, 0xB6, 0x45, 0xE8,
  0x3C, 0x02, 0x75, 0x11, 0x48, 0x8D, 0x05, 0x17, 0x23, 0x00, 0x00, 0x48,
  0x89, 0xC7, 0xE8, 0xDE, 0xEE, 0xFF, 0xFF, 0xEB, 0x0F, 0x48, 0x8D, 0x05,
  0x0E, 0x23, 0x00, 0x00, 0x48, 0x89, 0xC7, 0xE8, 0xCD, 0xEE, 0xFF, 0xFF,
  0x48, 0x8D, 0x85, 0xE0, 0xFE, 0xFF, 0xFF, 0x48, 0x83, 0xC0, 0x08, 0x48,
  0x89, 0xC7, 0xE8, 0xFE, 0xEE, 0xFF, 0xFF, 0x83, 0x45, 0xF4, 0x01, 0x48,
  0x8D, 0x95, 0xE0, 0xFE, 0xFF, 0xFF, 0x8B, 0x45, 0xF0, 0x48, 0x89, 0xD6,
  0x89, 0xC7, 0xE8, 0xEB, 0xF8, 0xFF, 0xFF, 0x48, 0x85, 0xC0, 0x7F, 0x9C,
  0x8B, 0x45, 0xF0, 0x89, 0xC7, 0xE8, 0x15, 0xF4, 0xFF, 0xFF, 0x83, 0x7D,
  0xF4, 0x00, 0x75, 0x0F, 0x48, 0x8D, 0x05, 0xC7, 0x22, 0x00, 0x00, 0x48,
  0x89, 0xC7, 0xE8, 0xC2, 0xEE, 0xFF, 0xFF, 0xB8, 0x00, 0x00, 0x00, 0x00,
  0xC9, 0xC3, 0x55, 0x48, 0x89, 0xE5, 0x48, 0x83, 0xEC, 0x20, 0x89, 0x7D,
  0xEC, 0x48, 0x89, 0x75, 0xE0, 0x83, 0x7D, 0xEC, 0x01, 0x7F, 0x16, 0x48,
  0x8D, 0x05, 0xAE, 0x22, 0x00, 0x00, 0x48, 0x89, 0xC7, 0xE8, 0x97, 0xEE,
  0xFF, 0xFF, 0xB8, 0x01, 0x00, 0x00, 0x00, 0xEB, 0x59, 0x48, 0x8B, 0x45,
  0xE0, 0x48, 0x83, 0xC0, 0x08, 0x48, 0x8B, 0x00, 0x48, 0x89, 0xC7, 0xE8,
  0x9A, 0xF4, 0xFF, 0xFF, 0x89, 0x45, 0xFC, 0x83, 0x7D, 0xFC, 0x00, 0x79,
  0x38, 0x48, 0x8D, 0x05, 0x90, 0x22, 0x00, 0x00, 0x48, 0x89, 0xC7, 0xE8,
  0x21, 0xEE, 0xFF, 0xFF, 0x48, 0x8B, 0x45, 0xE0, 0x48, 0x83, 0xC0, 0x08,
  0x48, 0x8B, 0x00, 0x48, 0x89, 0xC7, 0xE8, 0x0E, 0xEE, 0xFF, 0xFF, 0x48,
  0x8D, 0x05, 0x85, 0x22, 0x00, 0x00, 0x48, 0x89, 0xC7, 0xE8, 0x43, 0xEE,
  0xFF, 0xFF, 0xB8, 0x01, 0x00, 0x00, 0x00, 0xEB, 0x05, 0xB8, 0x00, 0x00,
  0x00, 0x00, 0xC9, 0xC3, 0x55, 0x48, 0x89, 0xE5, 0x48, 0x81, 0xEC, 0xA0,
  0x00, 0x00, 0x00, 0x89, 0xBD, 0x6C, 0xFF, 0xFF, 0xFF, 0x48, 0x89, 0xB5,
  0x60, 0xFF, 0xFF, 0xFF, 0x48, 0x8D, 0x85, 0x70, 0xFF, 0xFF, 0xFF, 0xBE,
  0x80, 0x00, 0x00, 0x00, 0x48, 0x89, 0xC7, 0xE8, 0x04, 0xF4, 0xFF, 0xFF,
  0x89, 0x45, 0xFC, 0x83, 0x7D, 0xFC, 0x00, 0x78, 0x11, 0x48, 0x8D, 0x85,
  0x70, 0xFF, 0xFF, 0xFF, 0x48, 0x89, 0xC7, 0xE8, 0xF1, 0xED, 0xFF, 0xFF,
  0xEB, 0x0F, 0x48, 0x8D, 0x05, 0xA2, 0x21, 0x00, 0x00, 0x48, 0x89, 0xC7,
  0xE8, 0xE0, 0xED, 0xFF, 0xFF, 0xB8, 0x00, 0x00, 0x00, 0x00, 0xC9, 0xC3,
  0x55, 0x48, 0x89, 0xE5, 0x48, 0x81, 0xEC, 0x20, 0x02, 0x00, 0x00, 0x89,
  0xBD, 0xEC, 0xFD, 0xFF, 0xFF, 0x48, 0x89, 0xB5, 0xE0, 0xFD, 0xFF, 0xFF,
  0x83, 0xBD, 0xEC, 0xFD, 0xFF, 0xFF, 0x01, 0x7F, 0x19, 0x48, 0x8D, 0x05,
  0x00, 0x22, 0x00, 0x00, 0x48, 0x89, 0xC7, 0xE8, 0xA9, 0xED, 0xFF, 0xFF,
  0xB8, 0x01, 0x00, 0x00, 0x00, 0xE9, 0xB1, 0x00, 0x00, 0x00, 0x48, 0x8B,
  0x85, 0xE0, 0xFD, 0xFF, 0xFF, 0x48, 0x83, 0xC0, 0x08, 0x48, 0x8B, 0x00,
  0xBA, 0x00, 0x00, 0x00, 0x00, 0xBE, 0x00, 0x00, 0x00, 0x00, 0x48, 0x89,
  0xC7, 0xE8, 0x95, 0xF2, 0xFF, 0xFF, 0x89, 0x45, 0xFC, 0x83, 0x7D, 0xFC,
  0x00, 0x79, 0x57, 0x48, 0x8D, 0x05, 0xD8, 0x21, 0x00, 0x00, 0x48, 0x89,
  0xC7, 0xE8, 0x23, 0xED, 0xFF, 0xFF, 0x48, 0x8B, 0x85, 0xE0, 0xFD, 0xFF,
  0xFF, 0x48, 0x83, 0xC0, 0x08, 0x48, 0x8B, 0x00, 0x48, 0x89, 0xC7, 0xE8,
  0x0D, 0xED, 0xFF, 0xFF, 0x48, 0x8D, 0x05, 0xC6, 0x21, 0x00, 0x00, 0x48,
  0x89, 0xC7, 0xE8, 0x42, 0xED, 0xFF, 0xFF, 0xB8, 0x01, 0x00, 0x00, 0x00,
  0xEB, 0x4D, 0x8B, 0x45, 0xF8, 0x48, 0x98, 0xC6, 0x84, 0x05, 0xF0, 0xFD,
  0xFF, 0xFF, 0x00, 0x48, 0x8D, 0x85, 0xF0, 0xFD, 0xFF, 0xFF, 0x48, 0x89,
  0xC7, 0xE8, 0xDB, 0xEC, 0xFF, 0xFF, 0x48, 0x8D, 0x8D, 0xF0, 0xFD, 0xFF,
  0xFF, 0x8B, 0x45, 0xFC, 0xBA, 0xFF, 0x01, 0x00, 0x00, 0x48, 0x89, 0xCE,
  0x89, 0xC7, 0xE8, 0x5B, 0xF2, 0xFF, 0xFF, 0x89, 0x45, 0xF8, 0x83, 0x7D,
  0xF8, 0x00, 0x7F, 0xC2, 0x8B, 0x45, 0xFC, 0x89, 0xC7, 0xE8, 0x31, 0xF2,
  0xFF, 0xFF, 0xB8, 0x00, 0x00, 0x00, 0x00, 0xC9, 0xC3, 0x55, 0x48, 0x89,
  0xE5, 0x48, 0x83, 0xEC, 0x20, 0x89, 0x7D, 0xEC, 0x48, 0x89, 0x75, 0xE0,
  0x83, 0x7D, 0xEC, 0x01, 0x7F, 0x19, 0x48, 0x8D, 0x05, 0x5C, 0x21, 0x00,
  0x00, 0x48, 0x89, 0xC7, 0xE8, 0xC8, 0xEC, 0xFF, 0xFF, 0xB8, 0x01, 0x00,
  0x00, 0x00, 0xE9, 0x8F, 0x00, 0x00, 0x00, 0x48, 0x8B, 0x45, 0xE0, 0x48,
  0x83, 0xC0, 0x08, 0x48, 0x8B, 0x00, 0xBA, 0x00, 0x00, 0x00, 0x00, 0xBE,
  0x01, 0x01, 0x00, 0x00, 0x48, 0x89, 0xC7, 0xE8, 0xB7, 0xF1, 0xFF, 0xFF,
  0x89, 0x45, 0xFC, 0x83, 0x7D, 0xFC, 0x00, 0x79, 0x38, 0x48, 0x8D, 0x05,
  0x39, 0x21, 0x00, 0x00, 0x48, 0x89, 0xC7, 0xE8, 0x45, 0xEC, 0xFF, 0xFF,
  0x48, 0x8B, 0x45, 0xE0, 0x48, 0x83, 0xC0, 0x08, 0x48, 0x8B, 0x00, 0x48,
  0x89, 0xC7, 0xE8, 0x32, 0xEC, 0xFF, 0xFF, 0x48, 0x8D, 0x05, 0x2E, 0x21,
  0x00, 0x00, 0x48, 0x89, 0xC7, 0xE8, 0x67, 0xEC, 0xFF, 0xFF, 0xB8, 0x01,
  0x00, 0x00, 0x00, 0xEB, 0x31, 0x8B, 0x45, 0xFC, 0x89, 0xC7, 0xE8, 0x94,
  0xF1, 0xFF, 0xFF, 0x48, 0x8D, 0x05, 0x23, 0x21, 0x00, 0x00, 0x48, 0x89,
  0xC7, 0xE8, 0x03, 0xEC, 0xFF, 0xFF, 0x48, 0x8B, 0x45, 0xE0, 0x48, 0x83,
  0xC0, 0x08, 0x48, 0x8B, 0x00, 0x48, 0x89, 0xC7, 0xE8, 0x34, 0xEC, 0xFF,
  0xFF, 0xB8, 0x00, 0x00, 0x00, 0x00, 0xC9, 0xC3, 0x55, 0x48, 0x89, 0xE5,
  0x48, 0x83, 0xEC, 0x20, 0x89, 0x7D, 0xEC, 0x48, 0x89, 0x75, 0xE0, 0x83,
  0x7D, 0xEC, 0x01, 0x7F, 0x19, 0x48, 0x8D, 0x05, 0xEF, 0x20, 0x00, 0x00,
  0x48, 0x89, 0xC7, 0xE8, 0x09, 0xEC, 0xFF, 0xFF, 0xB8, 0x01, 0x00, 0x00,
  0x00, 0xE9, 0x80, 0x00, 0x00, 0x00, 0x48, 0x8B, 0x45, 0xE0, 0x48, 0x83,
  0xC0, 0x08, 0x48, 0x8B, 0x00, 0xBE, 0xED, 0x01, 0x00, 0x00, 0x48, 0x89,
  0xC7, 0xE8, 0x8C, 0xF1, 0xFF, 0xFF, 0x89, 0x45, 0xFC, 0x83, 0x7D, 0xFC,
  0x00, 0x79, 0x38, 0x48, 0x8D, 0x05, 0xD2, 0x20, 0x00, 0x00, 0x48, 0x89,
  0xC7, 0xE8, 0x8B, 0xEB, 0xFF, 0xFF, 0x48, 0x8B, 0x45, 0xE0, 0x48, 0x83,
  0xC0, 0x08, 0x48, 0x8B, 0x00, 0x48, 0x89, 0xC7, 0xE8, 0x78, 0xEB, 0xFF,
  0xFF, 0x48, 0x8D, 0x05, 0xD1, 0x20, 0x00, 0x00, 0x48, 0x89, 0xC7, 0xE8,
  0xAD, 0xEB, 0xFF, 0xFF, 0xB8, 0x01, 0x00, 0x00, 0x00, 0xEB, 0x27, 0x48,
  0x8D, 0x05, 0xBD, 0x20, 0x00, 0x00, 0x48, 0x89, 0xC7, 0xE8, 0x53, 0xEB,
  0xFF, 0xFF, 0x48, 0x8B, 0x45, 0xE0, 0x48, 0x83, 0xC0, 0x08, 0x48, 0x8B,
  0x00, 0x48, 0x89, 0xC7, 0xE8, 0x84, 0xEB, 0xFF, 0xFF, 0xB8, 0x00, 0x00,
  0x00, 0x00, 0xC9, 0xC3, 0x55, 0x48, 0x89, 0xE5, 0x48, 0x83, 0xEC, 0x20,
  0x89, 0x7D, 0xEC, 0x48, 0x89, 0x75, 0xE0, 0x83, 0x7D, 0xEC, 0x01, 0x7F,
  0x16, 0x48, 0x8D, 0x05, 0x93, 0x20, 0x00, 0x00, 0x48, 0x89, 0xC7, 0xE8,
  0x59, 0xEB, 0xFF, 0xFF, 0xB8, 0x01, 0x00, 0x00, 0x00, 0xEB, 0x7B, 0x48,
  0x8B, 0x45, 0xE0, 0x48, 0x83, 0xC0, 0x08, 0x48, 0x8B, 0x00, 0x48, 0x89,
  0xC7, 0xE8, 0x20, 0xF1, 0xFF, 0xFF, 0x89, 0x45, 0xFC, 0x83, 0x7D, 0xFC,
  0x00, 0x79, 0x38, 0x48, 0x8D, 0x05, 0x75, 0x20, 0x00, 0x00, 0x48, 0x89,
  0xC7, 0xE8, 0xE3, 0xEA, 0xFF, 0xFF, 0x48, 0x8B, 0x45, 0xE0, 0x48, 0x83,
  0xC0, 0x08, 0x48, 0x8B, 0x00, 0x48, 0x89, 0xC7, 0xE8, 0xD0, 0xEA, 0xFF,
  0xFF, 0x48, 0x8D, 0x05, 0x68, 0x20, 0x00, 0x00, 0x48, 0x89, 0xC7, 0xE8,
  0x05, 0xEB, 0xFF, 0xFF, 0xB8, 0x01, 0x00, 0x00, 0x00, 0xEB, 0x27, 0x48,
  0x8D, 0x05, 0x77, 0x20, 0x00, 0x00, 0x48, 0x89, 0xC7, 0xE8, 0xAB, 0xEA,
  0xFF, 0xFF, 0x48, 0x8B, 0x45, 0xE0, 0x48, 0x83, 0xC0, 0x08, 0x48, 0x8B,
  0x00, 0x48, 0x89, 0xC7, 0xE8, 0xDC, 0xEA, 0xFF, 0xFF, 0xB8, 0x00, 0x00,
  0x00, 0x00, 0xC9, 0xC3, 0x55, 0x48, 0x89, 0xE5, 0x48, 0x83, 0xEC, 0x20,
  0x89, 0x7D, 0xEC, 0x48, 0x89, 0x75, 0xE0, 0x83, 0x7D, 0xEC, 0x02, 0x7F,
  0x19, 0x48, 0x8D, 0x05, 0x44, 0x20, 0x00, 0x00, 0x48, 0x89, 0xC7, 0xE8,
  0xB1, 0xEA, 0xFF, 0xFF, 0xB8, 0x01, 0x00, 0x00, 0x00, 0xE9, 0xE8, 0x00,
  0x00, 0x00, 0x48, 0x8B, 0x45, 0xE0, 0x48, 0x83, 0xC0, 0x08, 0x48, 0x8B,
  0x00, 0xBA, 0x00, 0x00, 0x00, 0x00, 0xBE, 0x01, 0x03, 0x00, 0x00, 0x48,
  0x89, 0xC7, 0xE8, 0xA0, 0xEF, 0xFF, 0xFF, 0x89, 0x45, 0xFC, 0x83, 0x7D,
  0xFC, 0x00, 0x79, 0x3B, 0x48, 0x8D, 0x05, 0x27, 0x20, 0x00, 0x00, 0x48,
  0x89, 0xC7, 0xE8, 0x2E, 0xEA, 0xFF, 0xFF, 0x48, 0x8B, 0x45, 0xE0, 0x48,
  0x83, 0xC0, 0x08, 0x48, 0x8B, 0x00, 0x48, 0x89, 0xC7, 0xE8, 0x1B, 0xEA,
  0xFF, 0xFF, 0x48, 0x8D, 0x05, 0x74, 0x1F, 0x00, 0x00, 0x48, 0x89, 0xC7,
  0xE8, 0x50, 0xEA, 0xFF, 0xFF, 0xB8, 0x01, 0x00, 0x00, 0x00, 0xE9, 0x87,
  0x00, 0x00, 0x00, 0x48, 0x8B, 0x45, 0xE0, 0x48, 0x83, 0xC0, 0x10, 0x48,
  0x8B, 0x00, 0x48, 0x89, 0xC7, 0xE8, 0x52, 0xEE, 0xFF, 0xFF, 0x89, 0x45,
  0xF8, 0x48, 0x8B, 0x45, 0xE0, 0x48, 0x83, 0xC0, 0x10, 0x48, 0x8B, 0x08,
  0x8B, 0x55, 0xF8, 0x8B, 0x45, 0xFC, 0x48, 0x89, 0xCE, 0x89, 0xC7, 0xE8,
  0x92, 0xEF, 0xFF, 0xFF, 0x89, 0x45, 0xF4, 0x8B, 0x45, 0xFC, 0x89, 0xC7,
  0xE8, 0x46, 0xEF, 0xFF, 0xFF, 0x8B, 0x45, 0xF4, 0x3B, 0x45, 0xF8, 0x75,
  0x2D, 0x48, 0x8D, 0x05, 0xBB, 0x1F, 0x00, 0x00, 0x48, 0x89, 0xC7, 0xE8,
  0xAD, 0xE9, 0xFF, 0xFF, 0x8B, 0x45, 0xF4, 0x48, 0x98, 0x48, 0x89, 0xC7,
  0xE8, 0xA5, 0xEA, 0xFF, 0xFF, 0x48, 0x8D, 0x05, 0xA6, 0x1F, 0x00, 0x00,
  0x48, 0x89, 0xC7, 0xE8, 0xD5, 0xE9, 0xFF, 0xFF, 0xEB, 0x0F, 0x48, 0x8D,
  0x05, 0x9D, 0x1F, 0x00, 0x00, 0x48, 0x89, 0xC7, 0xE8, 0xC4, 0xE9, 0xFF,
  0xFF, 0xB8, 0x00, 0x00, 0x00, 0x00, 0xC9, 0xC3, 0x55, 0x48, 0x89, 0xE5,
  0x48, 0x83, 0xEC, 0x10, 0x89, 0x7D, 0xFC, 0x48, 0x89, 0x75, 0xF0, 0xE8,
  0xFF, 0xF0, 0xFF, 0xFF, 0x48, 0x8D, 0x05, 0x80, 0x1F, 0x00, 0x00, 0x48,
  0x89, 0xC7, 0xE8, 0x9A, 0xE9, 0xFF, 0xFF, 0xB8, 0x00, 0x00, 0x00, 0x00,
  0xC9, 0xC3, 0x55, 0x48, 0x89, 0xE5, 0x8B, 0x05, 0x44, 0x26, 0x00, 0x00,
  0x5D, 0xC3, 0x55, 0x48, 0x89, 0xE5, 0x48, 0x83, 0xEC, 0x20, 0x89, 0x7D,
  0xEC, 0x48, 0x89, 0x75, 0xE0, 0x83, 0x7D, 0xEC, 0x00, 0x75, 0x0A, 0xB8,
  0x00, 0x00, 0x00, 0x00, 0xE9, 0xA4, 0x00, 0x00, 0x00, 0xC7, 0x45, 0xFC,
  0x00, 0x00, 0x00, 0x00, 0xEB, 0x5C, 0x48, 0xC7, 0xC0, 0x20, 0x40, 0x40,
  0x00, 0x8B, 0x55, 0xFC, 0x48, 0x63, 0xD2, 0x48, 0xC1, 0xE2, 0x04, 0x48,
  0x01, 0xD0, 0x48, 0x8B, 0x10, 0x48, 0x8B, 0x45, 0xE0, 0x48, 0x8B, 0x00,
  0x48, 0x89, 0xD6, 0x48, 0x89, 0xC7, 0xE8, 0xFB, 0xEC, 0xFF, 0xFF, 0x85,
  0xC0, 0x75, 0x2B, 0x48, 0xC7, 0xC0, 0x20, 0x40, 0x40, 0x00, 0x8B, 0x55,
  0xFC, 0x48, 0x63, 0xD2, 0x48, 0xC1, 0xE2, 0x04, 0x48, 0x01, 0xD0, 0x48,
  0x83, 0xC0, 0x08, 0x48, 0x8B, 0x08, 0x48, 0x8B, 0x55, 0xE0, 0x8B, 0x45,
  0xEC, 0x48, 0x89, 0xD6, 0x89, 0xC7, 0xFF, 0xD1, 0xEB, 0x43, 0x83, 0x45,
  0xFC, 0x01, 0x48, 0xC7, 0xC0, 0x20, 0x40, 0x40, 0x00, 0x8B, 0x55, 0xFC,
  0x48, 0x63, 0xD2, 0x48, 0xC1, 0xE2, 0x04, 0x48, 0x01, 0xD0, 0x48, 0x8B,
  0x00, 0x48, 0x85, 0xC0, 0x75, 0x88, 0x48, 0x8D, 0x05, 0x4E, 0x1F, 0x00,
  0x00, 0x48, 0x89, 0xC7, 0xE8, 0x94, 0xE8, 0xFF, 0xFF, 0x48, 0x8B, 0x45,
  0xE0, 0x48, 0x8B, 0x00, 0x48, 0x89, 0xC7, 0xE8, 0xC9, 0xE8, 0xFF, 0xFF,
  0xB8, 0x01, 0x00, 0x00, 0x00, 0xC9, 0xC3, 0x55, 0x48, 0x89, 0xE5, 0x48,
  0x83, 0xEC, 0x10, 0x48, 0x8D, 0x05, 0x36, 0x1F, 0x00, 0x00, 0x48, 0x89,
  0xC7, 0xE8, 0x67, 0xE8, 0xFF, 0xFF, 0x48, 0x8D, 0x05, 0x2F, 0x1F, 0x00,
  0x00, 0x48, 0x89, 0xC7, 0xE8, 0x9C, 0xE8, 0xFF, 0xFF, 0x48, 0x8D, 0x05,
  0x50, 0x1F, 0x00, 0x00, 0x48, 0x89, 0xC7, 0xE8, 0x8D, 0xE8, 0xFF, 0xFF,
  0x48, 0x8D, 0x05, 0x11, 0x1F, 0x00, 0x00, 0x48, 0x89, 0xC7, 0xE8, 0x7E,
  0xE8, 0xFF, 0xFF, 0x48, 0x8D, 0x05, 0xFA, 0x1E, 0x00, 0x00, 0x48, 0x89,
  0xC7, 0xE8, 0x2B, 0xE8, 0xFF, 0xFF, 0x48, 0x8D, 0x05, 0x4B, 0x1F, 0x00,
  0x00, 0x48, 0x89, 0xC7, 0xE8, 0x60, 0xE8, 0xFF, 0xFF, 0x48, 0x8D, 0x05,
  0xDC, 0x1E, 0x00, 0x00, 0x48, 0x89, 0xC7, 0xE8, 0x0D, 0xE8, 0xFF, 0xFF,
  0x48, 0x8D, 0x05, 0x55, 0x1F, 0x00, 0x00, 0x48, 0x89, 0xC7, 0xE8, 0x42,
  0xE8, 0xFF, 0xFF, 0x48, 0x8D, 0x05, 0x6E, 0x1F, 0x00, 0x00, 0x48, 0x89,
  0xC7, 0xE8, 0x33, 0xE8, 0xFF, 0xFF, 0x48, 0x8D, 0x05, 0x87, 0x1F, 0x00,
  0x00, 0x48, 0x89, 0xC7, 0xE8, 0x24, 0xE8, 0xFF, 0xFF, 0x48, 0x8D, 0x05,
  0xA0, 0x1E, 0x00, 0x00, 0x48, 0x89, 0xC7, 0xE8, 0xD1, 0xE7, 0xFF, 0xFF,
  0x48, 0x8D, 0x05, 0x78, 0x1F, 0x00, 0x00, 0x48, 0x89, 0xC7, 0xE8, 0x06,
  0xE8, 0xFF, 0xFF, 0x48, 0x8D, 0x45, 0xF0, 0xBE, 0x10, 0x00, 0x00, 0x00,
  0x48, 0x89, 0xC7, 0xE8, 0xAB, 0xE9, 0xFF, 0xFF, 0x90, 0xC9, 0xC3, 0x55,
  0x48, 0x89, 0xE5, 0x48, 0x81, 0xEC, 0xD0, 0x00, 0x00, 0x00, 0x48, 0x8D,
  0x05, 0x63, 0x1E, 0x00, 0x00, 0x48, 0x89, 0xC7, 0xE8, 0x94, 0xE7, 0xFF,
  0xFF, 0x48, 0x8D, 0x05, 0x5C, 0x1F, 0x00, 0x00, 0x48, 0x89, 0xC7, 0xE8,
  0xC9, 0xE7, 0xFF, 0xFF, 0x48, 0x8D, 0x05, 0x45, 0x1E, 0x00, 0x00, 0x48,
  0x89, 0xC7, 0xE8, 0x76, 0xE7, 0xFF, 0xFF, 0x48, 0x8D, 0x05, 0x66, 0x1F,
  0x00, 0x00, 0x48, 0x89, 0xC7, 0xE8, 0xAB, 0xE7, 0xFF, 0xFF, 0x48, 0x8D,
  0x05, 0x87, 0x1F, 0x00, 0x00, 0x48, 0x89, 0xC7, 0xE8, 0x9C, 0xE7, 0xFF,
  0xFF, 0x48, 0x8D, 0x05, 0x18, 0x1E, 0x00, 0x00, 0x48, 0x89, 0xC7, 0xE8,
  0x49, 0xE7, 0xFF, 0xFF, 0x48, 0x8D, 0x05, 0x91, 0x1F, 0x00, 0x00, 0x48,
  0x89, 0xC7, 0xE8, 0x3A, 0xE7, 0xFF, 0xFF, 0x48, 0x8D, 0x45, 0xB0, 0xBE,
  0x40, 0x00, 0x00, 0x00, 0x48, 0x89, 0xC7, 0xE8, 0x23, 0xE9, 0xFF, 0xFF,
  0x89, 0x45, 0xFC, 0x83, 0x7D, 0xFC, 0x03, 0x7F, 0x2D, 0x48, 0x8D, 0x05,
  0x8C, 0x1F, 0x00, 0x00, 0x48, 0x89, 0xC7, 0xE8, 0x11, 0xE7, 0xFF, 0xFF,
  0xBF, 0x04, 0x00, 0x00, 0x00, 0xE8, 0x0C, 0xE8, 0xFF, 0xFF, 0x48, 0x8D,
  0x05, 0x90, 0x1F, 0x00, 0x00, 0x48, 0x89, 0xC7, 0xE8, 0x3C, 0xE7, 0xFF,
  0xFF, 0xE9, 0x24, 0x01, 0x00, 0x00, 0x48, 0x8D, 0x05, 0x92, 0x1F, 0x00,
  0x00, 0x48, 0x89, 0xC7, 0xE8, 0xE4, 0xE6, 0xFF, 0xFF, 0x48, 0x8D, 0x85,
  0x70, 0xFF, 0xFF, 0xFF, 0xBE, 0x40, 0x00, 0x00, 0x00, 0x48, 0x89, 0xC7,
  0xE8, 0xCA, 0xE8, 0xFF, 0xFF, 0x89, 0x45, 0xF8, 0x8B, 0x45, 0xFC, 0x3B,
  0x45, 0xF8, 0x75, 0x1A, 0x48, 0x8D, 0x95, 0x70, 0xFF, 0xFF, 0xFF, 0x48,
  0x8D, 0x45, 0xB0, 0x48, 0x89, 0xD6, 0x48, 0x89, 0xC7, 0xE8, 0xB8, 0xEA,
  0xFF, 0xFF, 0x85, 0xC0, 0x74, 0x14, 0x48, 0x8D, 0x05, 0x63, 0x1F, 0x00,
  0x00, 0x48, 0x89, 0xC7, 0xE8, 0xE0, 0xE6, 0xFF, 0xFF, 0xE9, 0xC8, 0x00,
  0x00, 0x00, 0x48, 0x8D, 0x05, 0x7F, 0x1F, 0x00, 0x00, 0x48, 0x89, 0xC7,
  0xE8, 0x88, 0xE6, 0xFF, 0xFF, 0x48, 0x8D, 0x85, 0x30, 0xFF, 0xFF, 0xFF,
  0xBE, 0x40, 0x00, 0x00, 0x00, 0x48, 0x89, 0xC7, 0xE8, 0x6E, 0xE8, 0xFF,
  0xFF, 0x89, 0x45, 0xF4, 0x83, 0x7D, 0xF4, 0x00, 0x75, 0x19, 0x48, 0x8D,
  0x15, 0x7D, 0x1F, 0x00, 0x00, 0x48, 0x8D, 0x85, 0x30, 0xFF, 0xFF, 0xFF,
  0x48, 0x89, 0xD6, 0x48, 0x89, 0xC7, 0xE8, 0xE3, 0xEA, 0xFF, 0xFF, 0x48,
  0x8D, 0x05, 0x12, 0x1D, 0x00, 0x00, 0x48, 0x89, 0xC7, 0xE8, 0x43, 0xE6,
  0xFF, 0xFF, 0x48, 0x8D, 0x05, 0x5A, 0x1F, 0x00, 0x00, 0x48, 0x89, 0xC7,
  0xE8, 0x78, 0xE6, 0xFF, 0xFF, 0x48, 0x8D, 0x8D, 0x30, 0xFF, 0xFF, 0xFF,
  0x48, 0x8D, 0x45, 0xB0, 0xBA, 0x00, 0x00, 0x00, 0x00, 0x48, 0x89, 0xCE,
  0x48, 0x89, 0xC7, 0xE8, 0xC5, 0xEC, 0xFF, 0xFF, 0x89, 0x45, 0xF0, 0x83,
  0x7D, 0xF0, 0x00, 0x78, 0x16, 0x48, 0x8D, 0x05, 0x40, 0x1F, 0x00, 0x00,
  0x48, 0x89, 0xC7, 0xE8, 0x45, 0xE6, 0xFF, 0xFF, 0xB8, 0x00, 0x00, 0x00,
  0x00, 0xEB, 0x30, 0x48, 0x8D, 0x05, 0x52, 0x1F, 0x00, 0x00, 0x48, 0x89,
  0xC7, 0xE8, 0xEB, 0xE5, 0xFF, 0xFF, 0x8B, 0x45, 0xF0, 0x48, 0x98, 0x48,
  0x89, 0xC7, 0xE8, 0xE3, 0xE6, 0xFF, 0xFF, 0x48, 0x8D, 0x05, 0x5D, 0x1F,
  0x00, 0x00, 0x48, 0x89, 0xC7, 0xE8, 0x13, 0xE6, 0xFF, 0xFF, 0xE9, 0x81,
  0xFE, 0xFF, 0xFF, 0xC9, 0xC3, 0x55, 0x48, 0x89, 0xE5, 0x48, 0x83, 0xEC,
  0x50, 0x48, 0x8D, 0x05, 0x80, 0x1C, 0x00, 0x00, 0x48, 0x89, 0xC7, 0xE8,
  0xB1, 0xE5, 0xFF, 0xFF, 0x48, 0x8D, 0x05, 0x49, 0x1F, 0x00, 0x00, 0x48,
  0x89, 0xC7, 0xE8, 0xE6, 0xE5, 0xFF, 0xFF, 0x48, 0x8D, 0x05, 0x62, 0x1C,
  0x00, 0x00, 0x48, 0x89, 0xC7, 0xE8, 0x93, 0xE5, 0xFF, 0xFF, 0x48, 0x8D,
  0x05, 0x53, 0x1F, 0x00, 0x00, 0x48, 0x89, 0xC7, 0xE8, 0x84, 0xE5, 0xFF,
  0xFF, 0x48, 0x8D, 0x45, 0xB0, 0xBE, 0x40, 0x00, 0x00, 0x00, 0x48, 0x89,
  0xC7, 0xE8, 0x6D, 0xE7, 0xFF, 0xFF, 0x89, 0x45, 0xFC, 0x83, 0x7D, 0xFC,
  0x00, 0x75, 0x16, 0x48, 0x8D, 0x15, 0x50, 0x1F, 0x00, 0x00, 0x48, 0x8D,
  0x45, 0xB0, 0x48, 0x89, 0xD6, 0x48, 0x89, 0xC7, 0xE8, 0xE5, 0xE9, 0xFF,
  0xFF, 0x48, 0x8D, 0x45, 0xB0, 0x48, 0x89, 0xC7, 0xE8, 0xAB, 0xE9, 0xFF,
  0xFF, 0x89, 0xC2, 0x48, 0x8D, 0x45, 0xB0, 0x89, 0xD6, 0x48, 0x89, 0xC7,
  0xE8, 0x73, 0xEC, 0xFF, 0xFF, 0x89, 0x45, 0xF8, 0x83, 0x7D, 0xF8, 0x00,
  0x75, 0x1D, 0x48, 0x8D, 0x05, 0x1F, 0x1F, 0x00, 0x00, 0x48, 0x89, 0xC7,
  0xE8, 0x20, 0xE5, 0xFF, 0xFF, 0x48, 0x8D, 0x45, 0xB0, 0x48, 0x89, 0xC7,
  0xE8, 0x58, 0xE5, 0xFF, 0xFF, 0xEB, 0x0F, 0x48, 0x8D, 0x05, 0x1A, 0x1F,
  0x00, 0x00, 0x48, 0x89, 0xC7, 0xE8, 0x47, 0xE5, 0xFF, 0xFF, 0x48, 0x8D,
  0x05, 0x3B, 0x1F, 0x00, 0x00, 0xBA, 0xA4, 0x01, 0x00, 0x00, 0xBE, 0x01,
  0x03, 0x00, 0x00, 0x48, 0x89, 0xC7, 0xE8, 0x44, 0xEA, 0xFF, 0xFF, 0x89,
  0x45, 0xF4, 0x83, 0x7D, 0xF4, 0x00, 0x78, 0x29, 0x48, 0x8D, 0x45, 0xB0,
  0x48, 0x89, 0xC7, 0xE8, 0x38, 0xE9, 0xFF, 0xFF, 0x89, 0xC2, 0x48, 0x8D,
  0x4D, 0xB0, 0x8B, 0x45, 0xF4, 0x48, 0x89, 0xCE, 0x89, 0xC7, 0xE8, 0x83,
  0xEA, 0xFF, 0xFF, 0x8B, 0x45, 0xF4, 0x89, 0xC7, 0xE8, 0x3A, 0xEA, 0xFF,
  0xFF, 0x48, 0x8D, 0x05, 0x78, 0x1B, 0x00, 0x00, 0x48, 0x89, 0xC7, 0xE8,
  0xA9, 0xE4, 0xFF, 0xFF, 0x48, 0x8D, 0x05, 0xF1, 0x1E, 0x00, 0x00, 0x48,
  0x89, 0xC7, 0xE8, 0xDE, 0xE4, 0xFF, 0xFF, 0x90, 0xC9, 0xC3, 0x55, 0x48,
  0x89, 0xE5, 0x48, 0x83, 0xEC, 0x10, 0x48, 0x8D, 0x05, 0x4F, 0x1B, 0x00,
  0x00, 0x48, 0x89, 0xC7, 0xE8, 0x80, 0xE4, 0xFF, 0xFF, 0x48, 0x8D, 0x05,
  0xE8, 0x1E, 0x00, 0x00, 0x48, 0x89, 0xC7, 0xE8, 0xB5, 0xE4, 0xFF, 0xFF,
  0x48, 0x8D, 0x05, 0x31, 0x1B, 0x00, 0x00, 0x48, 0x89, 0xC7, 0xE8, 0x62,
  0xE4, 0xFF, 0xFF, 0x48, 0x8D, 0x05, 0xF2, 0x1E, 0x00, 0x00, 0x48, 0x89,
  0xC7, 0xE8, 0x97, 0xE4, 0xFF, 0xFF, 0xE8, 0xE8, 0xEB, 0xFF, 0xFF, 0x48,
  0x8D, 0x05, 0xFE, 0x1E, 0x00, 0x00, 0x48, 0x89, 0xC7, 0xE8, 0x83, 0xE4,
  0xFF, 0xFF, 0x48, 0x8D, 0x05, 0x0F, 0x1F, 0x00, 0x00, 0xBA, 0x80, 0x01,
  0x00, 0x00, 0xBE, 0x01, 0x01, 0x00, 0x00, 0x48, 0x89, 0xC7, 0xE8, 0x80,
  0xE9, 0xFF, 0xFF, 0x89, 0x45, 0xFC, 0x83, 0x7D, 0xFC, 0x00, 0x79, 0x19,
  0x48, 0x8D, 0x05, 0x05, 0x1F, 0x00, 0x00, 0x48, 0x89, 0xC7, 0xE8, 0x52,
  0xE4, 0xFF, 0xFF, 0xB8, 0xFF, 0xFF, 0xFF, 0xFF, 0xE9, 0xC0, 0x00, 0x00,
  0x00, 0x48, 0x8D, 0x05, 0x19, 0x1F, 0x00, 0x00, 0x48, 0x89, 0x45, 0xF0,
  0x48, 0x8B, 0x45, 0xF0, 0x48, 0x89, 0xC7, 0xE8, 0x50, 0xE8, 0xFF, 0xFF,
  0x89, 0xC2, 0x48, 0x8B, 0x4D, 0xF0, 0x8B, 0x45, 0xFC, 0x48, 0x89, 0xCE,
  0x89, 0xC7, 0xE8, 0x9B, 0xE9, 0xFF, 0xFF, 0x8B, 0x45, 0xFC, 0x89, 0xC7,
  0xE8, 0x52, 0xE9, 0xFF, 0xFF, 0xE8, 0x65, 0xEB, 0xFF, 0xFF, 0x48, 0x8D,
  0x05, 0x8B, 0x1A, 0x00, 0x00, 0x48, 0x89, 0xC7, 0xE8, 0xBC, 0xE3, 0xFF,
  0xFF, 0x48, 0x8D, 0x05, 0x84, 0x1A, 0x00, 0x00, 0x48, 0x89, 0xC7, 0xE8,
  0xF1, 0xE3, 0xFF, 0xFF, 0x48, 0x8D, 0x05, 0xCD, 0x1E, 0x00, 0x00, 0x48,
  0x89, 0xC7, 0xE8, 0xE2, 0xE3, 0xFF, 0xFF, 0x48, 0x8D, 0x05, 0x66, 0x1A,
  0x00, 0x00, 0x48, 0x89, 0xC7, 0xE8, 0xD3, 0xE3, 0xFF, 0xFF, 0x48, 0x8D,
  0x05, 0x4F, 0x1A, 0x00, 0x00, 0x48, 0x89, 0xC7, 0xE8, 0x80, 0xE3, 0xFF,
  0xFF, 0x48, 0x8D, 0x05, 0xBC, 0x1E, 0x00, 0x00, 0x48, 0x89, 0xC7, 0xE8,
  0xB5, 0xE3, 0xFF, 0xFF, 0x48, 0x8D, 0x05, 0x31, 0x1A, 0x00, 0x00, 0x48,
  0x89, 0xC7, 0xE8, 0x62, 0xE3, 0xFF, 0xFF, 0x48, 0x8D, 0x05, 0xBA, 0x1E,
  0x00, 0x00, 0x48, 0x89, 0xC7, 0xE8, 0x97, 0xE3, 0xFF, 0xFF, 0xBF, 0x03,
  0x00, 0x00, 0x00, 0xE8, 0xA6, 0xEA, 0xFF, 0xFF, 0xB8, 0x00, 0x00, 0x00,
  0x00, 0xC9, 0xC3, 0x55, 0x48, 0x89, 0xE5, 0x48, 0x83, 0xEC, 0x10, 0x48,
  0x8D, 0x05, 0x0A, 0x1E, 0x00, 0x00, 0xBA, 0x00, 0x00, 0x00, 0x00, 0xBE,
  0x00, 0x00, 0x00, 0x00, 0x48, 0x89, 0xC7, 0xE8, 0x7B, 0xE8, 0xFF, 0xFF,
  0x89, 0x45, 0xFC, 0x83, 0x7D, 0xFC, 0x00, 0x78, 0x11, 0x8B, 0x45, 0xFC,
  0x89, 0xC7, 0xE8, 0x90, 0xE8, 0xFF, 0xFF, 0xB8, 0x00, 0x00, 0x00, 0x00,
  0xEB, 0x05, 0xB8, 0x01, 0x00, 0x00, 0x00, 0xC9, 0xC3, 0x55, 0x48, 0x89,
  0xE5, 0x48, 0x83, 0xEC, 0x10, 0x48, 0x8D, 0x05, 0xC8, 0x1D, 0x00, 0x00,
  0xBA, 0x80, 0x01, 0x00, 0x00, 0xBE, 0x01, 0x01, 0x00, 0x00, 0x48, 0x89,
  0xC7, 0xE8, 0x39, 0xE8, 0xFF, 0xFF, 0x89, 0x45, 0xFC, 0x83, 0x7D, 0xFC,
  0x00, 0x79, 0x07, 0xB8, 0xFF, 0xFF, 0xFF, 0xFF, 0xEB, 0x39, 0x48, 0x8D,
  0x05, 0xE4, 0x1D, 0x00, 0x00, 0x48, 0x89, 0x45, 0xF0, 0x48, 0x8B, 0x45,
  0xF0, 0x48, 0x89, 0xC7, 0xE8, 0x1B, 0xE7, 0xFF, 0xFF, 0x89, 0xC2, 0x48,
  0x8B, 0x4D, 0xF0, 0x8B, 0x45, 0xFC, 0x48, 0x89, 0xCE, 0x89, 0xC7, 0xE8,
  0x66, 0xE8, 0xFF, 0xFF, 0x8B, 0x45, 0xFC, 0x89, 0xC7, 0xE8, 0x1D, 0xE8,
  0xFF, 0xFF, 0xB8, 0x00, 0x00, 0x00, 0x00, 0xC9, 0xC3, 0x55, 0x48, 0x89,
  0xE5, 0xE8, 0x0D, 0xFA, 0xFF, 0xFF, 0xE8, 0xD8, 0xFA, 0xFF, 0xFF, 0x85,
  0xC0, 0x74, 0x20, 0x48, 0x8D, 0x05, 0xFA, 0x1D, 0x00, 0x00, 0x48, 0x89,
  0xC7, 0xE8, 0xB7, 0xE2, 0xFF, 0xFF, 0x48, 0x8D, 0x05, 0x16, 0x1E, 0x00,
  0x00, 0x48, 0x89, 0xC7, 0xE8, 0xA8, 0xE2, 0xFF, 0xFF, 0xEB, 0x1D, 0xE8,
  0x95, 0xFC, 0xFF, 0xFF, 0xE8, 0xC1, 0xFD, 0xFF, 0xFF, 0x85, 0xC0, 0x74,
  0x0F, 0x48, 0x8D, 0x05, 0x14, 0x1E, 0x00, 0x00, 0x48, 0x89, 0xC7, 0xE8,
  0x89, 0xE2, 0xFF, 0xFF, 0x5D, 0xC3, 0x00, 0x00, 0x00, 0x00, 0x00, 0x00,
  0x00, 0x00, 0x00, 0x00, 0x00, 0x00, 0x00, 0x00, 0x00, 0x00, 0x00, 0x00,
  0x00, 0x00, 0x00, 0x00, 0x00, 0x00, 0x00, 0x00, 0x00, 0x00, 0x00, 0x00,
  0x00, 0x00, 0x00, 0x00, 0x00, 0x00, 0x00, 0x00, 0x00, 0x00, 0x00, 0x00,
  0x00, 0x00, 0x00, 0x00, 0x00, 0x00, 0x00, 0x00, 0x00, 0x00, 0x00, 0x00,
  0x00, 0x00, 0x00, 0x00, 0x00, 0x00, 0x00, 0x00, 0x00, 0x00, 0x00, 0x00,
  0x00, 0x00, 0x00, 0x00, 0x00, 0x00, 0x00, 0x00, 0x00, 0x00, 0x00, 0x00,
  0x00, 0x00, 0x00, 0x00, 0x00, 0x00, 0x00, 0x00, 0x00, 0x00, 0x00, 0x00,
  0x00, 0x00, 0x00, 0x00, 0x00, 0x00, 0x00, 0x00, 0x00, 0x00, 0x00, 0x00,
  0x00, 0x00, 0x00, 0x00, 0x00, 0x00, 0x00, 0x00, 0x00, 0x00, 0x00, 0x00,
  0x00, 0x00, 0x00, 0x00, 0x00, 0x00, 0x00, 0x00, 0x00, 0x00, 0x00, 0x00,
  0x00, 0x00, 0x00, 0x00, 0x00, 0x00, 0x00, 0x00, 0x00, 0x00, 0x00, 0x00,
  0x00, 0x00, 0x00, 0x00, 0x00, 0x00, 0x00, 0x00, 0x00, 0x00, 0x00, 0x00,
  0x00, 0x00, 0x00, 0x00, 0x00, 0x00, 0x00, 0x00, 0x00, 0x00, 0x00, 0x00,
  0x00, 0x00, 0x00, 0x00, 0x00, 0x00, 0x00, 0x00, 0x00, 0x00, 0x00, 0x00,
  0x00, 0x00, 0x00, 0x00, 0x00, 0x00, 0x00, 0x00, 0x00, 0x00, 0x00, 0x00,
  0x00, 0x00, 0x00, 0x00, 0x00, 0x00, 0x00, 0x00, 0x00, 0x00, 0x00, 0x00,
  0x00, 0x00, 0x00, 0x00, 0x00, 0x00, 0x00, 0x00, 0x00, 0x00, 0x00, 0x00,
  0x00, 0x00, 0x00, 0x00, 0x00, 0x00, 0x00, 0x00, 0x00, 0x00, 0x00, 0x00,
  0x00, 0x00, 0x00, 0x00, 0x00, 0x00, 0x00, 0x00, 0x00, 0x00, 0x00, 0x00,
  0x00, 0x00, 0x00, 0x00, 0x00, 0x00, 0x00, 0x00, 0x00, 0x00, 0x00, 0x00,
  0x00, 0x00, 0x00, 0x00, 0x00, 0x00, 0x00, 0x00, 0x00, 0x00, 0x00, 0x00,
  0x00, 0x00, 0x00, 0x00, 0x00, 0x00, 0x00, 0x00, 0x00, 0x00, 0x00, 0x00,
  0x00, 0x00, 0x00, 0x00, 0x00, 0x00, 0x00, 0x00, 0x00, 0x00, 0x00, 0x00,
  0x00, 0x00, 0x00, 0x00, 0x00, 0x00, 0x00, 0x00, 0x00, 0x00, 0x00, 0x00,
  0x00, 0x00, 0x00, 0x00, 0x00, 0x00, 0x00, 0x00, 0x00, 0x00, 0x00, 0x00,
  0x00, 0x00, 0x00, 0x00, 0x00, 0x00, 0x00, 0x00, 0x00, 0x00, 0x00, 0x00,
  0x00, 0x00, 0x00, 0x00, 0x00, 0x00, 0x00, 0x00, 0x00, 0x00, 0x00, 0x00,
  0x00, 0x00, 0x00, 0x00, 0x00, 0x00, 0x00, 0x00, 0x00, 0x00, 0x00, 0x00,
  0x00, 0x00, 0x00, 0x00, 0x00, 0x00, 0x00, 0x00, 0x00, 0x00, 0x00, 0x00,
  0x00, 0x00, 0x00, 0x00, 0x00, 0x00, 0x00, 0x00, 0x00, 0x00, 0x00, 0x00,
  0x00, 0x00, 0x00, 0x00, 0x00, 0x00, 0x00, 0x00, 0x00, 0x00, 0x00, 0x00,
  0x00, 0x00, 0x00, 0x00, 0x00, 0x00, 0x00, 0x00, 0x00, 0x00, 0x00, 0x00,
  0x00, 0x00, 0x00, 0x00, 0x00, 0x00, 0x00, 0x00, 0x00, 0x00, 0x00, 0x00,
  0x00, 0x00, 0x00, 0x00, 0x00, 0x00, 0x00, 0x00, 0x00, 0x00, 0x00, 0x00,
  0x00, 0x00, 0x00, 0x00, 0x00, 0x00, 0x00, 0x00, 0x00, 0x00, 0x00, 0x00,
  0x00, 0x00, 0x00, 0x00, 0x00, 0x00, 0x00, 0x00, 0x00, 0x00, 0x00, 0x00,
  0x00, 0x00, 0x00, 0x00, 0x00, 0x00, 0x00, 0x00, 0x00, 0x00, 0x00, 0x00,
  0x00, 0x00, 0x00, 0x00, 0x00, 0x00, 0x00, 0x00, 0x00, 0x00, 0x00, 0x00,
  0x00, 0x00, 0x00, 0x00, 0x00, 0x00, 0x00, 0x00, 0x00, 0x00, 0x00, 0x00,
  0x00, 0x00, 0x00, 0x00, 0x00, 0x00, 0x00, 0x00, 0x00, 0x00, 0x00, 0x00,
  0x00, 0x00, 0x00, 0x00, 0x00, 0x00, 0x00, 0x00, 0x00, 0x00, 0x00, 0x00,
  0x00, 0x00, 0x00, 0x00, 0x00, 0x00, 0x00, 0x00, 0x00, 0x00, 0x00, 0x00,
  0x00, 0x00, 0x00, 0x00, 0x00, 0x00, 0x00, 0x00, 0x00, 0x00, 0x00, 0x00,
  0x00, 0x00, 0x00, 0x00, 0x00, 0x00, 0x00, 0x00, 0x00, 0x00, 0x00, 0x00,
  0x00, 0x00, 0x00, 0x00, 0x00, 0x00, 0x00, 0x00, 0x00, 0x00, 0x00, 0x00,
  0x00, 0x00, 0x00, 0x00, 0x00, 0x00, 0x00, 0x00, 0x00, 0x00, 0x00, 0x00,
  0x00, 0x00, 0x00, 0x00, 0x00, 0x00, 0x00, 0x00, 0x00, 0x00, 0x00, 0x00,
  0x00, 0x00, 0x00, 0x00, 0x00, 0x00, 0x00, 0x00, 0x00, 0x00, 0x00, 0x00,
  0x00, 0x00, 0x00, 0x00, 0x00, 0x00, 0x00, 0x00, 0x00, 0x00, 0x00, 0x00,
  0x00, 0x00, 0x00, 0x00, 0x00, 0x00, 0x00, 0x00, 0x00, 0x00, 0x00, 0x00,
  0x00, 0x00, 0x00, 0x00, 0x00, 0x00, 0x00, 0x00, 0x00, 0x00, 0x00, 0x00,
  0x00, 0x00, 0x00, 0x00, 0x00, 0x00, 0x00, 0x00, 0x00, 0x00, 0x00, 0x00,
  0x00, 0x00, 0x00, 0x00, 0x00, 0x00, 0x00, 0x00, 0x00, 0x00, 0x00, 0x00,
  0x00, 0x00, 0x00, 0x00, 0x00, 0x00, 0x00, 0x00, 0x00, 0x00, 0x00, 0x00,
  0x00, 0x00, 0x00, 0x00, 0x00, 0x00, 0x00, 0x00, 0x00, 0x00, 0x00, 0x00,
  0x00, 0x00, 0x00, 0x00, 0x00, 0x00, 0x00, 0x00, 0x00, 0x00, 0x00, 0x00,
  0x00, 0x00, 0x00, 0x00, 0x00, 0x00, 0x00, 0x00, 0x00, 0x00, 0x00, 0x00,
  0x00, 0x00, 0x00, 0x00, 0x00, 0x00, 0x00, 0x00, 0x00, 0x00, 0x00, 0x00,
  0x00, 0x00, 0x00, 0x00, 0x00, 0x00, 0x00, 0x00, 0x00, 0x00, 0x00, 0x00,
  0x00, 0x00, 0x00, 0x00, 0x00, 0x00, 0x00, 0x00, 0x00, 0x00, 0x00, 0x00,
  0x00, 0x00, 0x00, 0x00, 0x00, 0x00, 0x00, 0x00, 0x00, 0x00, 0x00, 0x00,
  0x00, 0x00, 0x00, 0x00, 0x00, 0x00, 0x00, 0x00, 0x00, 0x00, 0x00, 0x00,
  0x00, 0x00, 0x00, 0x00, 0x00, 0x00, 0x00, 0x00, 0x00, 0x00, 0x00, 0x00,
  0x00, 0x00, 0x00, 0x00, 0x00, 0x00, 0x00, 0x00, 0x00, 0x00, 0x00, 0x00,
  0x00, 0x00, 0x00, 0x00, 0x00, 0x00, 0x00, 0x00, 0x00, 0x00, 0x00, 0x00,
  0x00, 0x00, 0x00, 0x00, 0x00, 0x00, 0x00, 0x00, 0x00, 0x00, 0x00, 0x00,
  0x00, 0x00, 0x00, 0x00, 0x00, 0x00, 0x00, 0x00, 0x00, 0x00, 0x00, 0x00,
  0x00, 0x00, 0x00, 0x00, 0x00, 0x00, 0x00, 0x00, 0x00, 0x00, 0x00, 0x00,
  0x00, 0x00, 0x00, 0x00, 0x00, 0x00, 0x00, 0x00, 0x00, 0x00, 0x00, 0x00,
  0x00, 0x00, 0x00, 0x00, 0x00, 0x00, 0x00, 0x00, 0x00, 0x00, 0x00, 0x00,
  0x00, 0x00, 0x00, 0x00, 0x00, 0x00, 0x00, 0x00, 0x00, 0x00, 0x00, 0x00,
  0x00, 0x00, 0x00, 0x00, 0x00, 0x00, 0x00, 0x00, 0x00, 0x00, 0x00, 0x00,
  0x00, 0x00, 0x00, 0x00, 0x00, 0x00, 0x00, 0x00, 0x00, 0x00, 0x00, 0x00,
  0x00, 0x00, 0x00, 0x00, 0x00, 0x00, 0x00, 0x00, 0x00, 0x00, 0x00, 0x00,
  0x00, 0x00, 0x00, 0x00, 0x00, 0x00, 0x00, 0x00, 0x00, 0x00, 0x00, 0x00,
  0x00, 0x00, 0x00, 0x00, 0x00, 0x00, 0x00, 0x00, 0x00, 0x00, 0x00, 0x00,
  0x00, 0x00, 0x00, 0x00, 0x00, 0x00, 0x00, 0x00, 0x00, 0x00, 0x00, 0x00,
  0x00, 0x00, 0x00, 0x00, 0x00, 0x00, 0x00, 0x00, 0x00, 0x00, 0x00, 0x00,
  0x00, 0x00, 0x00, 0x00, 0x00, 0x00, 0x00, 0x00, 0x00, 0x00, 0x00, 0x00,
  0x00, 0x00, 0x00, 0x00, 0x00, 0x00, 0x00, 0x00, 0x00, 0x00, 0x00, 0x00,
  0x00, 0x00, 0x00, 0x00, 0x00, 0x00, 0x00, 0x00, 0x00, 0x00, 0x00, 0x00,
  0x00, 0x00, 0x00, 0x00, 0x00, 0x00, 0x00, 0x00, 0x00, 0x00, 0x00, 0x00,
  0x00, 0x00, 0x00, 0x00, 0x00, 0x00, 0x00, 0x00, 0x00, 0x00, 0x00, 0x00,
  0x00, 0x00, 0x00, 0x00, 0x00, 0x00, 0x00, 0x00, 0x00, 0x00, 0x00, 0x00,
  0x00, 0x00, 0x00, 0x00, 0x00, 0x00, 0x00, 0x00, 0x00, 0x00, 0x00, 0x00,
  0x00, 0x00, 0x00, 0x00, 0x00, 0x00, 0x00, 0x00, 0x00, 0x00, 0x00, 0x00,
  0x00, 0x00, 0x00, 0x00, 0x00, 0x00, 0x00, 0x00, 0x00, 0x00, 0x00, 0x00,
  0x00, 0x00, 0x00, 0x00, 0x00, 0x00, 0x00, 0x00, 0x00, 0x00, 0x00, 0x00,
  0x00, 0x00, 0x00, 0x00, 0x00, 0x00, 0x00, 0x00, 0x00, 0x00, 0x00, 0x00,
  0x00, 0x00, 0x00, 0x00, 0x00, 0x00, 0x00, 0x00, 0x00, 0x00, 0x00, 0x00,
  0x00, 0x00, 0x00, 0x00, 0x00, 0x00, 0x00, 0x00, 0x00, 0x00, 0x00, 0x00,
  0x00, 0x00, 0x00, 0x00, 0x00, 0x00, 0x00, 0x00, 0x00, 0x00, 0x00, 0x00,
  0x00, 0x00, 0x00, 0x00, 0x00, 0x00, 0x00, 0x00, 0x00, 0x00, 0x00, 0x00,
  0x00, 0x00, 0x00, 0x00, 0x00, 0x00, 0x00, 0x00, 0x00, 0x00, 0x00, 0x00,
  0x00, 0x00, 0x00, 0x00, 0x00, 0x00, 0x00, 0x00, 0x00, 0x00, 0x00, 0x00,
  0x00, 0x00, 0x00, 0x00, 0x00, 0x00, 0x00, 0x00, 0x00, 0x00, 0x00, 0x00,
  0x00, 0x00, 0x00, 0x00, 0x00, 0x00, 0x00, 0x00, 0x00, 0x00, 0x00, 0x00,
  0x00, 0x00, 0x00, 0x00, 0x00, 0x00, 0x00, 0x00, 0x00, 0x00, 0x00, 0x00,
  0x00, 0x00, 0x00, 0x00, 0x00, 0x00, 0x00, 0x00, 0x00, 0x00, 0x00, 0x00,
  0x00, 0x00, 0x00, 0x00, 0x00, 0x00, 0x00, 0x00, 0x00, 0x00, 0x00, 0x00,
  0x00, 0x00, 0x00, 0x00, 0x00, 0x00, 0x00, 0x00, 0x00, 0x00, 0x00, 0x00,
  0x00, 0x00, 0x00, 0x00, 0x00, 0x00, 0x00, 0x00, 0x00, 0x00, 0x00, 0x00,
  0x00, 0x00, 0x00, 0x00, 0x00, 0x00, 0x00, 0x00, 0x00, 0x00, 0x00, 0x00,
  0x00, 0x00, 0x00, 0x00, 0x00, 0x00, 0x00, 0x00, 0x00, 0x00, 0x00, 0x00,
  0x00, 0x00, 0x00, 0x00, 0x00, 0x00, 0x00, 0x00, 0x00, 0x00, 0x00, 0x00,
  0x00, 0x00, 0x00, 0x00, 0x00, 0x00, 0x00, 0x00, 0x00, 0x00, 0x00, 0x00,
  0x00, 0x00, 0x00, 0x00, 0x00, 0x00, 0x00, 0x00, 0x00, 0x00, 0x00, 0x00,
  0x00, 0x00, 0x00, 0x00, 0x00, 0x00, 0x00, 0x00, 0x00, 0x00, 0x00, 0x00,
  0x00, 0x00, 0x00, 0x00, 0x00, 0x00, 0x00, 0x00, 0x00, 0x00, 0x00, 0x00,
  0x00, 0x00, 0x00, 0x00, 0x00, 0x00, 0x00, 0x00, 0x00, 0x00, 0x00, 0x00,
  0x00, 0x00, 0x00, 0x00, 0x00, 0x00, 0x00, 0x00, 0x00, 0x00, 0x00, 0x00,
  0x00, 0x00, 0x00, 0x00, 0x00, 0x00, 0x00, 0x00, 0x00, 0x00, 0x00, 0x00,
  0x00, 0x00, 0x00, 0x00, 0x00, 0x00, 0x00, 0x00, 0x00, 0x00, 0x00, 0x00,
  0x00, 0x00, 0x00, 0x00, 0x00, 0x00, 0x00, 0x00, 0x00, 0x00, 0x00, 0x00,
  0x00, 0x00, 0x00, 0x00, 0x00, 0x00, 0x00, 0x00, 0x00, 0x00, 0x00, 0x00,
  0x00, 0x00, 0x00, 0x00, 0x00, 0x00, 0x00, 0x00, 0x00, 0x00, 0x00, 0x00,
  0x00, 0x00, 0x00, 0x00, 0x00, 0x00, 0x00, 0x00, 0x00, 0x00, 0x00, 0x00,
  0x00, 0x00, 0x00, 0x00, 0x00, 0x00, 0x00, 0x00, 0x00, 0x00, 0x00, 0x00,
  0x00, 0x00, 0x00, 0x00, 0x00, 0x00, 0x00, 0x00, 0x00, 0x00, 0x00, 0x00,
  0x00, 0x00, 0x00, 0x00, 0x00, 0x00, 0x00, 0x00, 0x00, 0x00, 0x00, 0x00,
  0x00, 0x00, 0x00, 0x00, 0x00, 0x00, 0x00, 0x00, 0x00, 0x00, 0x00, 0x00,
  0x00, 0x00, 0x00, 0x00, 0x00, 0x00, 0x00, 0x00, 0x00, 0x00, 0x00, 0x00,
  0x00, 0x00, 0x00, 0x00, 0x00, 0x00, 0x00, 0x00, 0x00, 0x00, 0x00, 0x00,
  0x00, 0x00, 0x00, 0x00, 0x00, 0x00, 0x00, 0x00, 0x00, 0x00, 0x00, 0x00,
  0x00, 0x00, 0x00, 0x00, 0x00, 0x00, 0x00, 0x00, 0x00, 0x00, 0x00, 0x00,
  0x00, 0x00, 0x00, 0x00, 0x00, 0x00, 0x00, 0x00, 0x00, 0x00, 0x00, 0x00,
  0x00, 0x00, 0x00, 0x00, 0x00, 0x00, 0x00, 0x00, 0x00, 0x00, 0x00, 0x00,
  0x00, 0x00, 0x00, 0x00, 0x00, 0x00, 0x00, 0x00, 0x00, 0x00, 0x00, 0x00,
  0x00, 0x00, 0x00, 0x00, 0x00, 0x00, 0x00, 0x00, 0x00, 0x00, 0x00, 0x00,
  0x00, 0x00, 0x00, 0x00, 0x00, 0x00, 0x00, 0x00, 0x00, 0x00, 0x00, 0x00,
  0x00, 0x00, 0x00, 0x00, 0x00, 0x00, 0x00, 0x00, 0x00, 0x00, 0x00, 0x00,
  0x00, 0x00, 0x00, 0x00, 0x00, 0x00, 0x00, 0x00, 0x00, 0x00, 0x00, 0x00,
  0x00, 0x00, 0x00, 0x00, 0x00, 0x00, 0x00, 0x00, 0x00, 0x00, 0x00, 0x00,
  0x00, 0x00, 0x00, 0x00, 0x00, 0x00, 0x00, 0x00, 0x00, 0x00, 0x00, 0x00,
  0x00, 0x00, 0x00, 0x00, 0x00, 0x00, 0x00, 0x00, 0x00, 0x00, 0x00, 0x00,
  0x00, 0x00, 0x00, 0x00, 0x00, 0x00, 0x00, 0x00, 0x00, 0x00, 0x00, 0x00,
  0x00, 0x00, 0x00, 0x00, 0x00, 0x00, 0x00, 0x00, 0x00, 0x00, 0x00, 0x00,
  0x00, 0x00, 0x00, 0x00, 0x00, 0x00, 0x00, 0x00, 0x00, 0x00, 0x00, 0x00,
  0x00, 0x00, 0x00, 0x00, 0x00, 0x00, 0x00, 0x00, 0x00, 0x00, 0x00, 0x00,
  0x00, 0x00, 0x00, 0x00, 0x00, 0x00, 0x00, 0x00, 0x00, 0x00, 0x00, 0x00,
  0x00, 0x00, 0x00, 0x00, 0x00, 0x00, 0x00, 0x00, 0x00, 0x00, 0x00, 0x00,
  0x00, 0x00, 0x00, 0x00, 0x00, 0x00, 0x00, 0x00, 0x00, 0x00, 0x00, 0x00,
  0x00, 0x00, 0x00, 0x00, 0x00, 0x00, 0x00, 0x00, 0x00, 0x00, 0x00, 0x00,
  0x00, 0x00, 0x00, 0x00, 0x00, 0x00, 0x00, 0x00, 0x00, 0x00, 0x00, 0x00,
  0x00, 0x00, 0x00, 0x00, 0x00, 0x00, 0x00, 0x00, 0x00, 0x00, 0x00, 0x00,
  0x00, 0x00, 0x00, 0x00, 0x00, 0x00, 0x00, 0x00, 0x00, 0x00, 0x00, 0x00,
  0x00, 0x00, 0x00, 0x00, 0x00, 0x00, 0x00, 0x00, 0x00, 0x00, 0x00, 0x00,
  0x00, 0x00, 0x00, 0x00, 0x00, 0x00, 0x00, 0x00, 0x00, 0x00, 0x00, 0x00,
  0x00, 0x00, 0x00, 0x00, 0x00, 0x00, 0x00, 0x00, 0x00, 0x00, 0x00, 0x00,
  0x00, 0x00, 0x00, 0x00, 0x00, 0x00, 0x00, 0x00, 0x00, 0x00, 0x00, 0x00,
  0x00, 0x00, 0x00, 0x00, 0x00, 0x00, 0x00, 0x00, 0x00, 0x00, 0x00, 0x00,
  0x00, 0x00, 0x00, 0x00, 0x00, 0x00, 0x00, 0x00, 0x00, 0x00, 0x00, 0x00,
  0x00, 0x00, 0x00, 0x00, 0x00, 0x00, 0x00, 0x00, 0x00, 0x00, 0x00, 0x00,
  0x00, 0x00, 0x00, 0x00, 0x00, 0x00, 0x00, 0x00, 0x00, 0x00, 0x00, 0x00,
  0x00, 0x00, 0x00, 0x00, 0x00, 0x00, 0x00, 0x00, 0x00, 0x00, 0x00, 0x00,
  0x00, 0x00, 0x00, 0x00, 0x00, 0x00, 0x00, 0x00, 0x00, 0x00, 0x00, 0x00,
  0x00, 0x00, 0x00, 0x00, 0x00, 0x00, 0x00, 0x00, 0x00, 0x00, 0x00, 0x00,
  0x00, 0x00, 0x00, 0x00, 0x00, 0x00, 0x00, 0x00, 0x00, 0x00, 0x00, 0x00,
  0x00, 0x00, 0x00, 0x00, 0x00, 0x00, 0x00, 0x00, 0x00, 0x00, 0x00, 0x00,
  0x00, 0x00, 0x00, 0x00, 0x00, 0x00, 0x00, 0x00, 0x00, 0x00, 0x00, 0x00,
  0x00, 0x00, 0x00, 0x00, 0x00, 0x00, 0x00, 0x00, 0x00, 0x00, 0x00, 0x00,
  0x00, 0x00, 0x00, 0x00, 0x00, 0x00, 0x00, 0x00, 0x00, 0x00, 0x00, 0x00,
  0x00, 0x00, 0x00, 0x00, 0x00, 0x00, 0x00, 0x00, 0x00, 0x00, 0x00, 0x00,
  0x00, 0x00, 0x00, 0x00, 0x00, 0x00, 0x00, 0x00, 0x00, 0x00, 0x00, 0x00,
  0x00, 0x00, 0x00, 0x00, 0x00, 0x00, 0x00, 0x00, 0x00, 0x00, 0x00, 0x00,
  0x00, 0x00, 0x00, 0x00, 0x00, 0x00, 0x00, 0x00, 0x00, 0x00, 0x00, 0x00,
  0x00, 0x00, 0x00, 0x00, 0x00, 0x00, 0x00, 0x00, 0x00, 0x00, 0x00, 0x00,
  0x00, 0x00, 0x00, 0x00, 0x00, 0x00, 0x00, 0x00, 0x00, 0x00, 0x00, 0x00,
  0x00, 0x00, 0x00, 0x00, 0x00, 0x00, 0x00, 0x00, 0x00, 0x00, 0x00, 0x00,
  0x00, 0x00, 0x00, 0x00, 0x00, 0x00, 0x00, 0x00, 0x00, 0x00, 0x00, 0x00,
  0x00, 0x00, 0x00, 0x00, 0x00, 0x00, 0x00, 0x00, 0x00, 0x00, 0x00, 0x00,
  0x00, 0x00, 0x00, 0x00, 0x00, 0x00, 0x00, 0x00, 0x00, 0x00, 0x00, 0x00,
  0x00, 0x00, 0x00, 0x00, 0x00, 0x00, 0x00, 0x00, 0x00, 0x00, 0x00, 0x00,
  0x00, 0x00, 0x00, 0x00, 0x00, 0x00, 0x00, 0x00, 0x00, 0x00, 0x00, 0x00,
  0x00, 0x00, 0x00, 0x00, 0x00, 0x00, 0x00, 0x00, 0x00, 0x00, 0x00, 0x00,
  0x00, 0x00, 0x00, 0x00, 0x00, 0x00, 0x00, 0x00, 0x00, 0x00, 0x00, 0x00,
  0x00, 0x00, 0x00, 0x00, 0x00, 0x00, 0x00, 0x00, 0x00, 0x00, 0x00, 0x00,
  0x00, 0x00, 0x00, 0x00, 0x00, 0x00, 0x00, 0x00, 0x00, 0x00, 0x00, 0x00,
  0x00, 0x00, 0x00, 0x00, 0x00, 0x00, 0x00, 0x00, 0x00, 0x00, 0x00, 0x00,
  0x00, 0x00, 0x00, 0x00, 0x00, 0x00, 0x00, 0x00, 0x00, 0x00, 0x00, 0x00,
  0x00, 0x00, 0x00, 0x00, 0x00, 0x00, 0x00, 0x00, 0x00, 0x00, 0x00, 0x00,
  0x00, 0x00, 0x00, 0x00, 0x00, 0x00, 0x00, 0x00, 0x00, 0x00, 0x00, 0x00,
  0x00, 0x00, 0x00, 0x00, 0x00, 0x00, 0x00, 0x00, 0x00, 0x00, 0x00, 0x00,
  0x00, 0x00, 0x00, 0x00, 0x00, 0x00, 0x00, 0x00, 0x00, 0x00, 0x00, 0x00,
  0x00, 0x00, 0x00, 0x00, 0x00, 0x00, 0x00, 0x00, 0x00, 0x00, 0x00, 0x00,
  0x00, 0x00, 0x00, 0x00, 0x00, 0x00, 0x00, 0x00, 0x00, 0x00, 0x00, 0x00,
  0x00, 0x00, 0x00, 0x00, 0x00, 0x00, 0x00, 0x00, 0x00, 0x00, 0x00, 0x00,
  0x00, 0x00, 0x00, 0x00, 0x00, 0x00, 0x00, 0x00, 0x00, 0x00, 0x00, 0x00,
  0x00, 0x00, 0x00, 0x00, 0x00, 0x00, 0x00, 0x00, 0x00, 0x00, 0x00, 0x00,
  0x00, 0x00, 0x00, 0x00, 0x00, 0x00, 0x00, 0x00, 0x00, 0x00, 0x00, 0x00,
  0x00, 0x00, 0x00, 0x00, 0x00, 0x00, 0x00, 0x00, 0x00, 0x00, 0x00, 0x00,
  0x00, 0x00, 0x00, 0x00, 0x00, 0x00, 0x00, 0x00, 0x00, 0x00, 0x00, 0x00,
  0x00, 0x00, 0x00, 0x00, 0x00, 0x00, 0x00, 0x00, 0x00, 0x00, 0x00, 0x00,
  0x00, 0x00, 0x00, 0x00, 0x00, 0x00, 0x00, 0x00, 0x00, 0x00, 0x00, 0x00,
  0x00, 0x00, 0x00, 0x00, 0x00, 0x00, 0x00, 0x00, 0x00, 0x00, 0x00, 0x00,
  0x00, 0x00, 0x00, 0x00, 0x00, 0x00, 0x00, 0x00, 0x00, 0x00, 0x00, 0x00,
  0x00, 0x00, 0x00, 0x00, 0x00, 0x00, 0x00, 0x00, 0x00, 0x00, 0x00, 0x00,
  0x00, 0x00, 0x00, 0x00, 0x00, 0x00, 0x00, 0x00, 0x00, 0x00, 0x00, 0x00,
  0x00, 0x00, 0x00, 0x00, 0x00, 0x00, 0x00, 0x00, 0x00, 0x00, 0x00, 0x00,
  0x00, 0x00, 0x00, 0x00, 0x00, 0x00, 0x00, 0x00, 0x00, 0x00, 0x00, 0x00,
  0x00, 0x00, 0x00, 0x00, 0x00, 0x00, 0x00, 0x00, 0x00, 0x00, 0x00, 0x00,
  0x00, 0x00, 0x00, 0x00, 0x00, 0x00, 0x00, 0x00, 0x00, 0x00, 0x00, 0x00,
  0x00, 0x00, 0x00, 0x00, 0x00, 0x00, 0x00, 0x00, 0x00, 0x00, 0x00, 0x00,
  0x00, 0x00, 0x00, 0x00, 0x00, 0x00, 0x00, 0x00, 0x00, 0x00, 0x00, 0x00,
  0x00, 0x00, 0x00, 0x00, 0x00, 0x00, 0x00, 0x00, 0x00, 0x00, 0x00, 0x00,
  0x00, 0x00, 0x00, 0x00, 0x00, 0x00, 0x00, 0x00, 0x00, 0x00, 0x00, 0x00,
  0x00, 0x00, 0x00, 0x00, 0x00, 0x00, 0x00, 0x00, 0x00, 0x00, 0x00, 0x00,
  0x00, 0x00, 0x00, 0x00, 0x00, 0x00, 0x00, 0x00, 0x00, 0x00, 0x00, 0x00,
  0x00, 0x00, 0x00, 0x00, 0x00, 0x00, 0x00, 0x00, 0x00, 0x00, 0x00, 0x00,
  0x00, 0x00, 0x00, 0x00, 0x00, 0x00, 0x00, 0x00, 0x00, 0x00, 0x00, 0x00,
  0x00, 0x00, 0x00, 0x00, 0x00, 0x00, 0x00, 0x00, 0x00, 0x00, 0x00, 0x00,
  0x00, 0x00, 0x00, 0x00, 0x00, 0x00, 0x00, 0x00, 0x00, 0x00, 0x00, 0x00,
  0x00, 0x00, 0x00, 0x00, 0x00, 0x00, 0x00, 0x00, 0x00, 0x00, 0x00, 0x00,
  0x00, 0x00, 0x00, 0x00, 0x00, 0x00, 0x00, 0x00, 0x00, 0x00, 0x00, 0x00,
  0x00, 0x00, 0x00, 0x00, 0x00, 0x00, 0x00, 0x00, 0x00, 0x00, 0x00, 0x00,
  0x00, 0x00, 0x00, 0x00, 0x00, 0x00, 0x00, 0x00, 0x00, 0x00, 0x00, 0x00,
  0x00, 0x00, 0x00, 0x00, 0x00, 0x00, 0x00, 0x00, 0x00, 0x00, 0x00, 0x00,
  0x00, 0x00, 0x00, 0x00, 0x00, 0x00, 0x00, 0x00, 0x00, 0x00, 0x00, 0x00,
  0x00, 0x00, 0x00, 0x00, 0x00, 0x00, 0x00, 0x00, 0x00, 0x00, 0x00, 0x00,
  0x00, 0x00, 0x00, 0x00, 0x00, 0x00, 0x00, 0x00, 0x00, 0x00, 0x00, 0x00,
  0x00, 0x00, 0x00, 0x00, 0x00, 0x00, 0x00, 0x00, 0x00, 0x00, 0x00, 0x00,
  0x00, 0x00, 0x00, 0x00, 0x00, 0x00, 0x00, 0x00, 0x00, 0x00, 0x00, 0x00,
  0x00, 0x00, 0x00, 0x00, 0x00, 0x00, 0x00, 0x00, 0x00, 0x00, 0x00, 0x00,
  0x00, 0x00, 0x00, 0x00, 0x00, 0x00, 0x00, 0x00, 0x00, 0x00, 0x00, 0x00,
  0x00, 0x00, 0x00, 0x00, 0x00, 0x00, 0x00, 0x00, 0x00, 0x00, 0x00, 0x00,
  0x00, 0x00, 0x00, 0x00, 0x00, 0x00, 0x00, 0x00, 0x00, 0x00, 0x00, 0x00,
  0x00, 0x00, 0x00, 0x00, 0x00, 0x00, 0x00, 0x00, 0x00, 0x00, 0x00, 0x00,
  0x00, 0x00, 0x00, 0x00, 0x00, 0x00, 0x00, 0x00, 0x00, 0x00, 0x00, 0x00,
  0x00, 0x00, 0x00, 0x00, 0x00, 0x00, 0x00, 0x00, 0x00, 0x00, 0x00, 0x00,
  0x00, 0x00, 0x00, 0x00, 0x00, 0x00, 0x00, 0x00, 0x00, 0x00, 0x00, 0x00,
  0x00, 0x00, 0x00, 0x00, 0x00, 0x00, 0x00, 0x00, 0x00, 0x00, 0x00, 0x00,
  0x00, 0x00, 0x00, 0x00, 0x00, 0x00, 0x00, 0x00, 0x00, 0x00, 0x00, 0x00,
  0x00, 0x00, 0x00, 0x00, 0x00, 0x00, 0x00, 0x00, 0x00, 0x00, 0x00, 0x00,
  0x00, 0x00, 0x00, 0x00, 0x00, 0x00, 0x00, 0x00, 0x00, 0x00, 0x00, 0x00,
  0x00, 0x00, 0x00, 0x00, 0x00, 0x00, 0x00, 0x00, 0x00, 0x00, 0x00, 0x00,
  0x00, 0x00, 0x00, 0x00, 0x00, 0x00, 0x00, 0x00, 0x00, 0x00, 0x00, 0x00,
  0x00, 0x00, 0x00, 0x00, 0x00, 0x00, 0x00, 0x00, 0x00, 0x00, 0x00, 0x00,
  0x00, 0x00, 0x00, 0x00, 0x00, 0x00, 0x00, 0x00, 0x00, 0x00, 0x00, 0x00,
  0x00, 0x00, 0x00, 0x00, 0x00, 0x00, 0x00, 0x00, 0x00, 0x00, 0x00, 0x00,
  0x00, 0x00, 0x00, 0x00, 0x00, 0x00, 0x00, 0x00, 0x00, 0x00, 0x00, 0x00,
  0x00, 0x00, 0x00, 0x00, 0x00, 0x00, 0x00, 0x00, 0x00, 0x00, 0x00, 0x00,
  0x00, 0x00, 0x00, 0x00, 0x00, 0x00, 0x00, 0x00, 0x00, 0x00, 0x00, 0x00,
  0x00, 0x00, 0x00, 0x00, 0x00, 0x00, 0x00, 0x00, 0x00, 0x00, 0x00, 0x00,
  0x00, 0x00, 0x00, 0x00, 0x00, 0x00, 0x00, 0x00, 0x00, 0x00, 0x00, 0x00,
  0x00, 0x00, 0x00, 0x00, 0x00, 0x00, 0x00, 0x00, 0x00, 0x00, 0x00, 0x00,
  0x00, 0x00, 0x00, 0x00, 0x00, 0x00, 0x00, 0x00, 0x00, 0x00, 0x00, 0x00,
  0x00, 0x00, 0x00, 0x00, 0x00, 0x00, 0x00, 0x00, 0x00, 0x00, 0x00, 0x00,
  0x00, 0x00, 0x00, 0x00, 0x00, 0x00, 0x00, 0x00, 0x00, 0x00, 0x00, 0x00,
  0x00, 0x00, 0x00, 0x00, 0x00, 0x00, 0x00, 0x00, 0x00, 0x00, 0x00, 0x00,
  0x00, 0x00, 0x00, 0x00, 0x00, 0x00, 0x00, 0x00, 0x00, 0x00, 0x00, 0x00,
  0x00, 0x00, 0x00, 0x00, 0x00, 0x00, 0x00, 0x00, 0x00, 0x00, 0x00, 0x00,
  0x00, 0x00, 0x00, 0x00, 0x00, 0x00, 0x00, 0x00, 0x00, 0x00, 0x00, 0x00,
  0x00, 0x00, 0x00, 0x00, 0x00, 0x00, 0x00, 0x00, 0x00, 0x00, 0x00, 0x00,
  0x00, 0x00, 0x00, 0x00, 0x00, 0x00, 0x00, 0x00, 0x00, 0x00, 0x00, 0x00,
  0x00, 0x00, 0x00, 0x00, 0x00, 0x00, 0x00, 0x00, 0x00, 0x00, 0x00, 0x00,
  0x00, 0x00, 0x00, 0x00, 0x00, 0x00, 0x00, 0x00, 0x00, 0x00, 0x00, 0x00,
  0x00, 0x00, 0x00, 0x00, 0x00, 0x00, 0x00, 0x00, 0x00, 0x00, 0x00, 0x00,
  0x00, 0x00, 0x00, 0x00, 0x00, 0x00, 0x00, 0x00, 0x00, 0x00, 0x00, 0x00,
  0x00, 0x00, 0x00, 0x00, 0x00, 0x00, 0x00, 0x00, 0x00, 0x00, 0x00, 0x00,
  0x00, 0x00, 0x00, 0x00, 0x00, 0x00, 0x00, 0x00, 0x00, 0x00, 0x00, 0x00,
  0x00, 0x00, 0x00, 0x00, 0x00, 0x00, 0x00, 0x00, 0x00, 0x00, 0x00, 0x00,
  0x00, 0x00, 0x00, 0x00, 0x00, 0x00, 0x00, 0x00, 0x00, 0x00, 0x00, 0x00,
  0x00, 0x00, 0x00, 0x00, 0x00, 0x00, 0x00, 0x00, 0x00, 0x00, 0x00, 0x00,
  0x00, 0x00, 0x00, 0x00, 0x00, 0x00, 0x00, 0x00, 0x00, 0x00, 0x00, 0x00,
  0x00, 0x00, 0x00, 0x00, 0x00, 0x00, 0x00, 0x00, 0x00, 0x00, 0x00, 0x00,
  0x00, 0x00, 0x00, 0x00, 0x00, 0x00, 0x00, 0x00, 0x00, 0x00, 0x00, 0x00,
  0x00, 0x00, 0x00, 0x00, 0x00, 0x00, 0x00, 0x00, 0x00, 0x00, 0x00, 0x00,
  0x00, 0x00, 0x00, 0x00, 0x00, 0x00, 0x00, 0x00, 0x00, 0x00, 0x00, 0x00,
  0x00, 0x00, 0x00, 0x00, 0x00, 0x00, 0x00, 0x00, 0x00, 0x00, 0x00, 0x00,
  0x00, 0x00, 0x00, 0x00, 0x00, 0x00, 0x00, 0x00, 0x00, 0x00, 0x00, 0x00,
  0x00, 0x00, 0x00, 0x00, 0x00, 0x00, 0x00, 0x00, 0x00, 0x00, 0x00, 0x00,
  0x00, 0x00, 0x00, 0x00, 0x00, 0x00, 0x00, 0x00, 0x00, 0x00, 0x00, 0x00,
  0x00, 0x00, 0x00, 0x00, 0x00, 0x00, 0x00, 0x00, 0x00, 0x00, 0x00, 0x00,
  0x00, 0x00, 0x00, 0x00, 0x00, 0x00, 0x00, 0x00, 0x00, 0x00, 0x00, 0x00,
  0x00, 0x00, 0x00, 0x00, 0x00, 0x00, 0x00, 0x00, 0x00, 0x00, 0x00, 0x00,
  0x00, 0x00, 0x00, 0x00, 0x00, 0x00, 0x00, 0x00, 0x00, 0x00, 0x00, 0x00,
  0x00, 0x00, 0x00, 0x00, 0x00, 0x00, 0x00, 0x00, 0x00, 0x00, 0x00, 0x00,
  0x00, 0x00, 0x00, 0x00, 0x00, 0x00, 0x00, 0x00, 0x00, 0x00, 0x00, 0x00,
  0x00, 0x00, 0x00, 0x00, 0x00, 0x00, 0x00, 0x00, 0x00, 0x00, 0x00, 0x00,
  0x00, 0x00, 0x00, 0x00, 0x00, 0x00, 0x00, 0x00, 0x00, 0x00, 0x00, 0x00,
  0x00, 0x00, 0x00, 0x00, 0x00, 0x00, 0x00, 0x00, 0x00, 0x00, 0x00, 0x00,
  0x00, 0x00, 0x00, 0x00, 0x00, 0x00, 0x00, 0x00, 0x00, 0x00, 0x00, 0x00,
  0x00, 0x00, 0x00, 0x00, 0x00, 0x00, 0x00, 0x00, 0x00, 0x00, 0x00, 0x00,
  0x00, 0x00, 0x00, 0x00, 0x00, 0x00, 0x00, 0x00, 0x00, 0x00, 0x00, 0x00,
  0x00, 0x00, 0x00, 0x00, 0x00, 0x00, 0x00, 0x00, 0x00, 0x00, 0x00, 0x00,
  0x00, 0x00, 0x00, 0x00, 0x00, 0x00, 0x00, 0x00, 0x00, 0x00, 0x00, 0x00,
  0x00, 0x00, 0x00, 0x00, 0x00, 0x00, 0x00, 0x00, 0x00, 0x00, 0x00, 0x00,
  0x00, 0x00, 0x00, 0x00, 0x00, 0x00, 0x00, 0x00, 0x00, 0x00, 0x00, 0x00,
  0x00, 0x00, 0x00, 0x00, 0x00, 0x00, 0x00, 0x00, 0x00, 0x00, 0x00, 0x00,
  0x00, 0x00, 0x00, 0x00, 0x00, 0x00, 0x00, 0x00, 0x00, 0x00, 0x00, 0x00,
  0x00, 0x00, 0x00, 0x00, 0x00, 0x00, 0x00, 0x00, 0x00, 0x00, 0x00, 0x00,
  0x00, 0x00, 0x00, 0x00, 0x00, 0x00, 0x00, 0x00, 0x00, 0x00, 0x00, 0x00,
  0x00, 0x00, 0x00, 0x00, 0x00, 0x00, 0x00, 0x00, 0x00, 0x00, 0x00, 0x00,
  0x00, 0x00, 0x00, 0x00, 0x00, 0x00, 0x00, 0x00, 0x00, 0x00, 0x00, 0x00,
  0x00, 0x00, 0x00, 0x00, 0x00, 0x00, 0x00, 0x00, 0x00, 0x00, 0x00, 0x00,
  0x00, 0x00, 0x00, 0x00, 0x00, 0x00, 0x00, 0x00, 0x00, 0x00, 0x00, 0x00,
  0x00, 0x00, 0x00, 0x00, 0x00, 0x00, 0x00, 0x00, 0x00, 0x00, 0x00, 0x00,
  0x00, 0x00, 0x00, 0x00, 0x00, 0x00, 0x00, 0x00, 0x00, 0x00, 0x00, 0x00,
  0x00, 0x00, 0x00, 0x00, 0x00, 0x00, 0x00, 0x00, 0x00, 0x00, 0x00, 0x00,
  0x00, 0x00, 0x00, 0x00, 0x00, 0x00, 0x00, 0x00, 0x00, 0x00, 0x00, 0x00,
  0x00, 0x00, 0x00, 0x00, 0x00, 0x00, 0x00, 0x00, 0x00, 0x00, 0x00, 0x00,
  0x00, 0x00, 0x00, 0x00, 0x00, 0x00, 0x00, 0x00, 0x00, 0x00, 0x00, 0x00,
  0x00, 0x00, 0x00, 0x00, 0x00, 0x00, 0x00, 0x00, 0x00, 0x00, 0x00, 0x00,
  0x00, 0x00, 0x00, 0x00, 0x00, 0x00, 0x00, 0x00, 0x00, 0x00, 0x00, 0x00,
  0x00, 0x00, 0x00, 0x00, 0x00, 0x00, 0x00, 0x00, 0x00, 0x00, 0x00, 0x00,
  0x00, 0x00, 0x00, 0x00, 0x00, 0x00, 0x00, 0x00, 0x00, 0x00, 0x00, 0x00,
  0x00, 0x00, 0x00, 0x00, 0x00, 0x00, 0x00, 0x00, 0x00, 0x00, 0x00, 0x00,
  0x00, 0x00, 0x00, 0x00, 0x00, 0x00, 0x00, 0x00, 0x00, 0x00, 0x00, 0x00,
  0x00, 0x00, 0x00, 0x00, 0x00, 0x00, 0x00, 0x00, 0x00, 0x00, 0x00, 0x00,
  0x00, 0x00, 0x00, 0x00, 0x00, 0x00, 0x00, 0x00, 0x00, 0x00, 0x00, 0x00,
  0x00, 0x00, 0x00, 0x00, 0x00, 0x00, 0x00, 0x00, 0x00, 0x00, 0x00, 0x00,
  0x00, 0x00, 0x00, 0x00, 0x00, 0x00, 0x00, 0x00, 0x00, 0x00, 0x00, 0x00,
  0x00, 0x00, 0x00, 0x00, 0x00, 0x00, 0x00, 0x00, 0x00, 0x00, 0x00, 0x00,
  0x00, 0x00, 0x00, 0x00, 0x00, 0x00, 0x00, 0x00, 0x00, 0x00, 0x00, 0x00,
  0x00, 0x00, 0x00, 0x00, 0x00, 0x00, 0x00, 0x00, 0x00, 0x00, 0x00, 0x00,
  0x00, 0x00, 0x00, 0x00, 0x00, 0x00, 0x00, 0x00, 0x00, 0x00, 0x00, 0x00,
  0x00, 0x00, 0x00, 0x00, 0x00, 0x00, 0x00, 0x00, 0x00, 0x00, 0x00, 0x00,
  0x00, 0x00, 0x00, 0x00, 0x00, 0x00, 0x00, 0x00, 0x00, 0x00, 0x00, 0x00,
  0x00, 0x00, 0x00, 0x00, 0x00, 0x00, 0x00, 0x00, 0x00, 0x00, 0x00, 0x00,
  0x00, 0x00, 0x00, 0x00, 0x00, 0x00, 0x00, 0x00, 0x00, 0x00, 0x00, 0x00,
  0x00, 0x00, 0x00, 0x00, 0x00, 0x00, 0x00, 0x00, 0x00, 0x00, 0x00, 0x00,
  0x00, 0x00, 0x00, 0x00, 0x00, 0x00, 0x00, 0x00, 0x00, 0x00, 0x00, 0x00,
  0x00, 0x00, 0x00, 0x00, 0x00, 0x00, 0x00, 0x00, 0x00, 0x00, 0x00, 0x00,
  0x00, 0x00, 0x00, 0x00, 0x00, 0x00, 0x00, 0x00, 0x00, 0x00, 0x00, 0x00,
  0x00, 0x00, 0x00, 0x00, 0x0A, 0x00, 0x30, 0x78, 0x00, 0x08, 0x20, 0x08,
  0x00, 0x00, 0x00, 0x00, 0x00, 0x00, 0x00, 0x00, 0x0A, 0x5B, 0x55, 0x53,
  0x45, 0x52, 0x5D, 0x20, 0x53, 0x54, 0x41, 0x43, 0x4B, 0x20, 0x53, 0x4D,
  0x41, 0x53, 0x48, 0x49, 0x4E, 0x47, 0x20, 0x44, 0x45, 0x54, 0x45, 0x43,
  0x54, 0x45, 0x44, 0x21, 0x0A, 0x00, 0x5B, 0x55, 0x53, 0x45, 0x52, 0x5D,
  0x20, 0x50, 0x72, 0x6F, 0x63, 0x65, 0x73, 0x73, 0x20, 0x77, 0x69, 0x6C,
  0x6C, 0x20, 0x65, 0x78, 0x69, 0x74, 0x2E, 0x0A, 0x00, 0x00, 0x00, 0x00,
  0x0A, 0x00, 0x00, 0x00, 0x00, 0x00, 0x00, 0x00, 0x3D, 0x3D, 0x3D, 0x3D,
  0x3D, 0x3D, 0x3D, 0x3D, 0x3D, 0x3D, 0x3D, 0x3D, 0x3D, 0x3D, 0x3D, 0x3D,
  0x3D, 0x3D, 0x3D, 0x3D, 0x3D, 0x3D, 0x3D, 0x3D, 0x3D, 0x3D, 0x3D, 0x3D,
  0x3D, 0x3D, 0x3D, 0x3D, 0x3D, 0x3D, 0x3D, 0x3D, 0x3D, 0x3D, 0x3D, 0x3D,
  0x00, 0x00, 0x00, 0x00, 0x00, 0x00, 0x00, 0x00, 0x61, 0x6E, 0x74, 0x78,
  0x73, 0x68, 0x20, 0x2D, 0x20, 0x41, 0x6E, 0x74, 0x58, 0x20, 0x53, 0x68,
  0x65, 0x6C, 0x6C, 0x20, 0x28, 0x55, 0x73, 0x65, 0x72, 0x20, 0x4D, 0x6F,
  0x64, 0x65, 0x29, 0x00, 0x54, 0x79, 0x70, 0x65, 0x20, 0x27, 0x68, 0x65,
  0x6C, 0x70, 0x27, 0x20, 0x66, 0x6F, 0x72, 0x20, 0x61, 0x76, 0x61, 0x69,
  0x6C, 0x61, 0x62, 0x6C, 0x65, 0x20, 0x63, 0x6F, 0x6D, 0x6D, 0x61, 0x6E,
  0x64, 0x73, 0x2E, 0x00, 0x61, 0x6E, 0x74, 0x78, 0x73, 0x68, 0x40, 0x00,
  0x3E, 0x20, 0x00, 0x61, 0x6E, 0x74, 0x78, 0x73, 0x68, 0x3E, 0x20, 0x00,
  0x0A, 0x5B, 0x49, 0x4E, 0x49, 0x54, 0x5D, 0x20, 0x53, 0x74, 0x61, 0x72,
  0x74, 0x69, 0x6E, 0x67, 0x20, 0x75, 0x73, 0x65, 0x72, 0x2D, 0x73, 0x70,
  0x61, 0x63, 0x65, 0x20, 0x69, 0x6E, 0x69, 0x74, 0x20, 0x70, 0x72, 0x6F,
  0x63, 0x65, 0x73, 0x73, 0x0A, 0x00, 0x00, 0x00, 0x00, 0x00, 0x00, 0x00,
  0x5B, 0x49, 0x4E, 0x49, 0x54, 0x5D, 0x20, 0x46, 0x69, 0x72, 0x73, 0x74,
  0x20, 0x62, 0x6F, 0x6F, 0x74, 0x20, 0x64, 0x65, 0x74, 0x65, 0x63, 0x74,
  0x65, 0x64, 0x2C, 0x20, 0x73, 0x74, 0x61, 0x72, 0x74, 0x69, 0x6E, 0x67,
  0x20, 0x69, 0x6E, 0x73, 0x74, 0x61, 0x6C, 0x6C, 0x61, 0x74, 0x69, 0x6F,
  0x6E, 0x20, 0x77, 0x69, 0x7A, 0x61, 0x72, 0x64, 0x0A, 0x00, 0x00, 0x00,
  0x00, 0x00, 0x00, 0x00, 0x5B, 0x49, 0x4E, 0x49, 0x54, 0x5D, 0x20, 0x53,
  0x79, 0x73, 0x74, 0x65, 0x6D, 0x20, 0x72, 0x65, 0x61, 0x64, 0x79, 0x2E,
  0x20, 0x53, 0x74, 0x61, 0x72, 0x74, 0x69, 0x6E, 0x67, 0x20, 0x73, 0x68,
  0x65, 0x6C, 0x6C, 0x2E, 0x2E, 0x2E, 0x0A, 0x0A, 0x00, 0x00, 0x00, 0x00,
  0x00, 0x00, 0x00, 0x00, 0x0A, 0x5B, 0x49, 0x4E, 0x49, 0x54, 0x5D, 0x20,
  0x53, 0x68, 0x65, 0x6C, 0x6C, 0x20, 0x65, 0x78, 0x69, 0x74, 0x65, 0x64,
  0x2E, 0x20, 0x53, 0x79, 0x73, 0x74, 0x65, 0x6D, 0x20, 0x73, 0x68, 0x75,
  0x74, 0x74, 0x69, 0x6E, 0x67, 0x20, 0x64, 0x6F, 0x77, 0x6E, 0x2E, 0x00,
  0x00, 0x00, 0x00, 0x00, 0x41, 0x76, 0x61, 0x69, 0x6C, 0x61, 0x62, 0x6C,
  0x65, 0x20, 0x63, 0x6F, 0x6D, 0x6D, 0x61, 0x6E, 0x64, 0x73, 0x3A, 0x00,
  0x00, 0x00, 0x00, 0x00, 0x20, 0x20, 0x68, 0x65, 0x6C, 0x70, 0x20, 0x20,
  0x20, 0x20, 0x20, 0x20, 0x20, 0x20, 0x20, 0x20, 0x20, 0x2D, 0x20, 0x53,
  0x68, 0x6F, 0x77, 0x20, 0x74, 0x68, 0x69, 0x73, 0x20, 0x68, 0x65, 0x6C,
  0x70, 0x20, 0x6D, 0x65, 0x73, 0x73, 0x61, 0x67, 0x65, 0x00, 0x00, 0x00,
  0x00, 0x00, 0x00, 0x00, 0x20, 0x20, 0x63, 0x6C, 0x65, 0x61, 0x72, 0x20,
  0x20, 0x20, 0x20, 0x20, 0x20, 0x20, 0x20, 0x20, 0x20, 0x2D, 0x20, 0x43,
  0x6C, 0x65, 0x61, 0x72, 0x20, 0x73, 0x63, 0x72, 0x65, 0x65, 0x6E, 0x00,
  0x20, 0x20, 0x65, 0x63, 0x68, 0x6F, 0x20, 0x5B, 0x74, 0x65, 0x78, 0x74,
  0x5D, 0x20, 0x20, 0x20, 0x20, 0x2D, 0x20, 0x45, 0x63, 0x68, 0x6F, 0x20,
  0x74, 0x65, 0x78, 0x74, 0x00, 0x20, 0x20, 0x65, 0x78, 0x69, 0x74, 0x20,
  0x20, 0x20, 0x20, 0x20, 0x20, 0x20, 0x20, 0x20, 0x20, 0x20, 0x2D, 0x20,
  0x45, 0x78, 0x69, 0x74, 0x20, 0x73, 0x68, 0x65, 0x6C, 0x6C, 0x00, 0x00,
  0x41, 0x75, 0x74, 0x68, 0x65, 0x6E, 0x74, 0x69, 0x63, 0x61, 0x74, 0x69,
  0x6F, 0x6E, 0x3A, 0x00, 0x00, 0x00, 0x00, 0x00, 0x20, 0x20, 0x70, 0x77,
  0x69, 0x64, 0x5F, 0x6C, 0x6F, 0x67, 0x69, 0x6E, 0x20, 0x20, 0x20, 0x20,
  0x20, 0x2D, 0x20, 0x4C, 0x6F, 0x67, 0x69, 0x6E, 0x20, 0x28, 0x75, 0x73,
  0x61, 0x67, 0x65, 0x3A, 0x20, 0x70, 0x77, 0x69, 0x64, 0x5F, 0x6C, 0x6F,
  0x67, 0x69, 0x6E, 0x20, 0x22, 0x6E, 0x6F, 0x74, 0x65, 0x22, 0x20, 0x22,
  0x70, 0x61, 0x73, 0x73, 0x77, 0x6F, 0x72, 0x64, 0x22, 0x29, 0x00, 0x00,
  0x20, 0x20, 0x70, 0x77, 0x69, 0x64, 0x5F, 0x6C, 0x6F, 0x67, 0x6F, 0x75,
  0x74, 0x20, 0x20, 0x20, 0x20, 0x2D, 0x20, 0x4C, 0x6F, 0x67, 0x6F, 0x75,
  0x74, 0x20, 0x63, 0x75, 0x72, 0x72, 0x65, 0x6E, 0x74, 0x20, 0x73, 0x65,
  0x73, 0x73, 0x69, 0x6F, 0x6E, 0x00, 0x00, 0x00, 0x00, 0x00, 0x00, 0x00,
  0x20, 0x20, 0x70, 0x77, 0x69, 0x64, 0x5F, 0x77, 0x68, 0x6F, 0x61, 0x6D,
  0x69, 0x20, 0x20, 0x20, 0x20, 0x2D, 0x20, 0x53, 0x68, 0x6F, 0x77, 0x20,
  0x63, 0x75, 0x72, 0x72, 0x65, 0x6E, 0x74, 0x20, 0x50, 0x57, 0x49, 0x44,
  0x00, 0x00, 0x00, 0x00, 0x20, 0x20, 0x70, 0x77, 0x69, 0x64, 0x5F, 0x70,
  0x61, 0x73, 0x73, 0x77, 0x64, 0x20, 0x20, 0x20, 0x20, 0x2D, 0x20, 0x43,
  0x68, 0x61, 0x6E, 0x67, 0x65, 0x20, 0x70, 0x61, 0x73, 0x73, 0x77, 0x6F,
  0x72, 0x64, 0x00, 0x46, 0x69, 0x6C, 0x65, 0x73, 0x79, 0x73, 0x74, 0x65,
  0x6D, 0x3A, 0x00, 0x00, 0x20, 0x20, 0x6C, 0x73, 0x20, 0x5B, 0x70, 0x61,
  0x74, 0x68, 0x5D, 0x20, 0x20, 0x20, 0x20, 0x20, 0x20, 0x2D, 0x20, 0x4C,
  0x69, 0x73, 0x74, 0x20, 0x64, 0x69, 0x72, 0x65, 0x63, 0x74, 0x6F, 0x72,
  0x79, 0x20, 0x63, 0x6F, 0x6E, 0x74, 0x65, 0x6E, 0x74, 0x73, 0x00, 0x00,
  0x00, 0x00, 0x00, 0x00, 0x20, 0x20, 0x63, 0x64, 0x20, 0x3C, 0x64, 0x69,
  0x72, 0x3E, 0x20, 0x20, 0x20, 0x20, 0x20, 0x20, 0x20, 0x2D, 0x20, 0x43,
  0x68, 0x61, 0x6E, 0x67, 0x65, 0x20, 0x64, 0x69, 0x72, 0x65, 0x63, 0x74,
  0x6F, 0x72, 0x79, 0x00, 0x00, 0x00, 0x00, 0x00, 0x20, 0x20, 0x70, 0x77,
  0x64, 0x20, 0x20, 0x20, 0x20, 0x20, 0x20, 0x20, 0x20, 0x20, 0x20, 0x20,
  0x20, 0x2D, 0x20, 0x50, 0x72, 0x69, 0x6E, 0x74, 0x20, 0x77, 0x6F, 0x72,
  0x6B, 0x69, 0x6E, 0x67, 0x20, 0x64, 0x69, 0x72, 0x65, 0x63, 0x74, 0x6F,
  0x72, 0x79, 0x00, 0x00, 0x00, 0x00, 0x00, 0x00, 0x20, 0x20, 0x63, 0x61,
  0x74, 0x20, 0x3C, 0x66, 0x69, 0x6C, 0x65, 0x3E, 0x20, 0x20, 0x20, 0x20,
  0x20, 0x2D, 0x20, 0x44, 0x69, 0x73, 0x70, 0x6C, 0x61, 0x79, 0x20, 0x66,
  0x69, 0x6C, 0x65, 0x20, 0x63, 0x6F, 0x6E, 0x74, 0x65, 0x6E, 0x74, 0x73,
  0x00, 0x00, 0x00, 0x00, 0x00, 0x00, 0x00, 0x00, 0x20, 0x20, 0x74, 0x6F,
  0x75, 0x63, 0x68, 0x20, 0x3C, 0x66, 0x69, 0x6C, 0x65, 0x3E, 0x20, 0x20,
  0x20, 0x2D, 0x20, 0x43, 0x72, 0x65, 0x61, 0x74, 0x65, 0x20, 0x65, 0x6D,
  0x70, 0x74, 0x79, 0x20, 0x66, 0x69, 0x6C, 0x65, 0x00, 0x00, 0x00, 0x00,
  0x20, 0x20, 0x6D, 0x6B, 0x64, 0x69, 0x72, 0x20, 0x3C, 0x64, 0x69, 0x72,
  0x3E, 0x20, 0x20, 0x20, 0x20, 0x2D, 0x20, 0x43, 0x72, 0x65, 0x61, 0x74,
  0x65, 0x20, 0x64, 0x69, 0x72, 0x65, 0x63, 0x74, 0x6F, 0x72, 0x79, 0x00,
  0x00, 0x00, 0x00, 0x00, 0x20, 0x20, 0x72, 0x6D, 0x20, 0x3C, 0x66, 0x69,
  0x6C, 0x65, 0x3E, 0x20, 0x20, 0x20, 0x20, 0x20, 0x20, 0x2D, 0x20, 0x52,
  0x65, 0x6D, 0x6F, 0x76, 0x65, 0x20, 0x66, 0x69, 0x6C, 0x65, 0x00, 0x00,
  0x20, 0x20, 0x77, 0x72, 0x69, 0x74, 0x65, 0x20, 0x3C, 0x66, 0x69, 0x6C,
  0x65, 0x3E, 0x20, 0x3C, 0x74, 0x65, 0x78, 0x74, 0x3E, 0x20, 0x2D, 0x20,
  0x57, 0x72, 0x69, 0x74, 0x65, 0x20, 0x74, 0x65, 0x78, 0x74, 0x20, 0x74,
  0x6F, 0x20, 0x66, 0x69, 0x6C, 0x65, 0x00, 0x00, 0x00, 0x00, 0x00, 0x00,
  0x20, 0x20, 0x73, 0x79, 0x6E, 0x63, 0x20, 0x20, 0x20, 0x20, 0x20, 0x20,
  0x20, 0x20, 0x20, 0x20, 0x20, 0x2D, 0x20, 0x53, 0x79, 0x6E, 0x63, 0x20,
  0x66, 0x69, 0x6C, 0x65, 0x73, 0x79, 0x73, 0x74, 0x65, 0x6D, 0x20, 0x74,
  0x6F, 0x20, 0x64, 0x69, 0x73, 0x6B, 0x00, 0x53, 0x79, 0x73, 0x74, 0x65,
  0x6D, 0x3A, 0x00, 0x00, 0x00, 0x00, 0x00, 0x00, 0x20, 0x20, 0x68, 0x6F,
  0x73, 0x74, 0x6E, 0x61, 0x6D, 0x65, 0x20, 0x20, 0x20, 0x20, 0x20, 0x20,
  0x20, 0x2D, 0x20, 0x53, 0x68, 0x6F, 0x77, 0x2F, 0x73, 0x65, 0x74, 0x20,
  0x68, 0x6F, 0x73, 0x74, 0x6E, 0x61, 0x6D, 0x65, 0x20, 0x28, 0x52, 0x6F,
  0x6F, 0x74, 0x20, 0x6F, 0x6E, 0x6C, 0x79, 0x20, 0x74, 0x6F, 0x20, 0x73,
  0x65, 0x74, 0x29, 0x00, 0x1B, 0x5B, 0x32, 0x4A, 0x1B, 0x5B, 0x48, 0x00,
  0x20, 0x00, 0x0A, 0x00, 0x47, 0x6F, 0x6F, 0x64, 0x62, 0x79, 0x65, 0x21,
  0x00, 0x00, 0x00, 0x00, 0x55, 0x73, 0x61, 0x67, 0x65, 0x3A, 0x20, 0x70,
  0x77, 0x69, 0x64, 0x5F, 0x6C, 0x6F, 0x67, 0x69, 0x6E, 0x20, 0x22, 0x6E,
  0x6F, 0x74, 0x65, 0x22, 0x20, 0x22, 0x70, 0x61, 0x73, 0x73, 0x77, 0x6F,
  0x72, 0x64, 0x22, 0x00, 0x4C, 0x6F, 0x67, 0x69, 0x6E, 0x20, 0x73, 0x75,
  0x63, 0x63, 0x65, 0x73, 0x73, 0x66, 0x75, 0x6C, 0x21, 0x20, 0x50, 0x57,
  0x49, 0x44, 0x3A, 0x20, 0x00, 0x00, 0x00, 0x00, 0x4C, 0x6F, 0x67, 0x69,
  0x6E, 0x20, 0x66, 0x61, 0x69, 0x6C, 0x65, 0x64, 0x3A, 0x20, 0x69, 0x6E,
  0x63, 0x6F, 0x72, 0x72, 0x65, 0x63, 0x74, 0x20, 0x70, 0x61, 0x73, 0x73,
  0x77, 0x6F, 0x72, 0x64, 0x00, 0x4C, 0x6F, 0x67, 0x69, 0x6E, 0x20, 0x66,
  0x61, 0x69, 0x6C, 0x65, 0x64, 0x3A, 0x20, 0x75, 0x73, 0x65, 0x72, 0x20,
  0x6E, 0x6F, 0x74, 0x20, 0x66, 0x6F, 0x75, 0x6E, 0x64, 0x00, 0x4C, 0x6F,
  0x67, 0x69, 0x6E, 0x20, 0x66, 0x61, 0x69, 0x6C, 0x65, 0x64, 0x3A, 0x20,
  0x75, 0x6E, 0x6B, 0x6E, 0x6F, 0x77, 0x6E, 0x20, 0x65, 0x72, 0x72, 0x6F,
  0x72, 0x00, 0x4C, 0x6F, 0x67, 0x67, 0x65, 0x64, 0x20, 0x6F, 0x75, 0x74,
  0x2E, 0x00, 0x4E, 0x6F, 0x74, 0x20, 0x6C, 0x6F, 0x67, 0x67, 0x65, 0x64,
  0x20, 0x69, 0x6E, 0x00, 0x43, 0x75, 0x72, 0x72, 0x65, 0x6E, 0x74, 0x20,
  0x50, 0x57, 0x49, 0x44, 0x3A, 0x20, 0x00, 0x3D, 0x3D, 0x3D, 0x20, 0x43,
  0x48, 0x41, 0x4E, 0x47, 0x45, 0x20, 0x50, 0x41, 0x53, 0x53, 0x57, 0x4F,
  0x52, 0x44, 0x20, 0x3D, 0x3D, 0x3D, 0x00, 0x43, 0x75, 0x72, 0x72, 0x65,
  0x6E, 0x74, 0x20, 0x70, 0x61, 0x73, 0x73, 0x77, 0x6F, 0x72, 0x64, 0x3A,
  0x20, 0x00, 0x4E, 0x65, 0x77, 0x20, 0x70, 0x61, 0x73, 0x73, 0x77, 0x6F,
  0x72, 0x64, 0x3A, 0x20, 0x00, 0x43, 0x6F, 0x6E, 0x66, 0x69, 0x72, 0x6D,
  0x20, 0x6E, 0x65, 0x77, 0x20, 0x70, 0x61, 0x73, 0x73, 0x77, 0x6F, 0x72,
  0x64, 0x3A, 0x20, 0x00, 0x50, 0x61, 0x73, 0x73, 0x77, 0x6F, 0x72, 0x64,
  0x73, 0x20, 0x64, 0x6F, 0x20, 0x6E, 0x6F, 0x74, 0x20, 0x6D, 0x61, 0x74,
  0x63, 0x68, 0x2E, 0x00, 0x00, 0x00, 0x00, 0x00, 0x50, 0x61, 0x73, 0x73,
  0x77, 0x6F, 0x72, 0x64, 0x20, 0x63, 0x68, 0x61, 0x6E, 0x67, 0x65, 0x64,
  0x20, 0x73, 0x75, 0x63, 0x63, 0x65, 0x73, 0x73, 0x66, 0x75, 0x6C, 0x6C,
  0x79, 0x21, 0x00, 0x49, 0x6E, 0x63, 0x6F, 0x72, 0x72, 0x65, 0x63, 0x74,
  0x20, 0x63, 0x75, 0x72, 0x72, 0x65, 0x6E, 0x74, 0x20, 0x70, 0x61, 0x73,
  0x73, 0x77, 0x6F, 0x72, 0x64, 0x2E, 0x00, 0x46, 0x61, 0x69, 0x6C, 0x65,
  0x64, 0x20, 0x74, 0x6F, 0x20, 0x63, 0x68, 0x61, 0x6E, 0x67, 0x65, 0x20,
  0x70, 0x61, 0x73, 0x73, 0x77, 0x6F, 0x72, 0x64, 0x2E, 0x00, 0x45, 0x72,
  0x72, 0x6F, 0x72, 0x20, 0x67, 0x65, 0x74, 0x74, 0x69, 0x6E, 0x67, 0x20,
  0x68, 0x6F, 0x73, 0x74, 0x6E, 0x61, 0x6D, 0x65, 0x00, 0x48, 0x6F, 0x73,
  0x74, 0x6E, 0x61, 0x6D, 0x65, 0x20, 0x73, 0x65, 0x74, 0x20, 0x74, 0x6F,
  0x3A, 0x20, 0x00, 0x00, 0x45, 0x72, 0x72, 0x6F, 0x72, 0x3A, 0x20, 0x52,
  0x6F, 0x6F, 0x74, 0x20, 0x70, 0x65, 0x72, 0x6D, 0x69, 0x73, 0x73, 0x69,
  0x6F, 0x6E, 0x20, 0x72, 0x65, 0x71, 0x75, 0x69, 0x72, 0x65, 0x64, 0x20,
  0x74, 0x6F, 0x20, 0x73, 0x65, 0x74, 0x20, 0x68, 0x6F, 0x73, 0x74, 0x6E,
  0x61, 0x6D, 0x65, 0x00, 0x45, 0x72, 0x72, 0x6F, 0x72, 0x20, 0x73, 0x65,
  0x74, 0x74, 0x69, 0x6E, 0x67, 0x20, 0x68, 0x6F, 0x73, 0x74, 0x6E, 0x61,
  0x6D, 0x65, 0x00, 0x2F, 0x00, 0x6C, 0x73, 0x3A, 0x20, 0x63, 0x61, 0x6E,
  0x6E, 0x6F, 0x74, 0x20, 0x61, 0x63, 0x63, 0x65, 0x73, 0x73, 0x20, 0x27,
  0x00, 0x27, 0x3A, 0x20, 0x4E, 0x6F, 0x20, 0x73, 0x75, 0x63, 0x68, 0x20,
  0x66, 0x69, 0x6C, 0x65, 0x20, 0x6F, 0x72, 0x20, 0x64, 0x69, 0x72, 0x65,
  0x63, 0x74, 0x6F, 0x72, 0x79, 0x00, 0x5B, 0x44, 0x49, 0x52, 0x5D, 0x20,
  0x20, 0x00, 0x5B, 0x46, 0x49, 0x4C, 0x45, 0x5D, 0x20, 0x00, 0x28, 0x65,
  0x6D, 0x70, 0x74, 0x79, 0x20, 0x64, 0x69, 0x72, 0x65, 0x63, 0x74, 0x6F,
  0x72, 0x79, 0x29, 0x00, 0x63, 0x64, 0x3A, 0x20, 0x6D, 0x69, 0x73, 0x73,
  0x69, 0x6E, 0x67, 0x20, 0x6F, 0x70, 0x65, 0x72, 0x61, 0x6E, 0x64, 0x00,
  0x63, 0x64, 0x3A, 0x20, 0x63, 0x61, 0x6E, 0x6E, 0x6F, 0x74, 0x20, 0x63,
  0x68, 0x61, 0x6E, 0x67, 0x65, 0x20, 0x74, 0x6F, 0x20, 0x27, 0x00, 0x27,
  0x3A, 0x20, 0x4E, 0x6F, 0x20, 0x73, 0x75, 0x63, 0x68, 0x20, 0x64, 0x69,
  0x72, 0x65, 0x63, 0x74, 0x6F, 0x72, 0x79, 0x00, 0x63, 0x61, 0x74, 0x3A,
  0x20, 0x6D, 0x69, 0x73, 0x73, 0x69, 0x6E, 0x67, 0x20, 0x66, 0x69, 0x6C,
  0x65, 0x20, 0x6F, 0x70, 0x65, 0x72, 0x61, 0x6E, 0x64, 0x00, 0x63, 0x61,
  0x74, 0x3A, 0x20, 0x63, 0x61, 0x6E, 0x6E, 0x6F, 0x74, 0x20, 0x6F, 0x70,
  0x65, 0x6E, 0x20, 0x27, 0x00, 0x27, 0x3A, 0x20, 0x4E, 0x6F, 0x20, 0x73,
  0x75, 0x63, 0x68, 0x20, 0x66, 0x69, 0x6C, 0x65, 0x00, 0x74, 0x6F, 0x75,
  0x63, 0x68, 0x3A, 0x20, 0x6D, 0x69, 0x73, 0x73, 0x69, 0x6E, 0x67, 0x20,
  0x66, 0x69, 0x6C, 0x65, 0x20, 0x6F, 0x70, 0x65, 0x72, 0x61, 0x6E, 0x64,
  0x00, 0x74, 0x6F, 0x75, 0x63, 0x68, 0x3A, 0x20, 0x63, 0x61, 0x6E, 0x6E,
  0x6F, 0x74, 0x20, 0x63, 0x72, 0x65, 0x61, 0x74, 0x65, 0x20, 0x27, 0x00,
  0x27, 0x3A, 0x20, 0x50, 0x65, 0x72, 0x6D, 0x69, 0x73, 0x73, 0x69, 0x6F,
  0x6E, 0x20, 0x64, 0x65, 0x6E, 0x69, 0x65, 0x64, 0x00, 0x43, 0x72, 0x65,
  0x61, 0x74, 0x65, 0x64, 0x3A, 0x20, 0x00, 0x6D, 0x6B, 0x64, 0x69, 0x72,
  0x3A, 0x20, 0x6D, 0x69, 0x73, 0x73, 0x69, 0x6E, 0x67, 0x20, 0x6F, 0x70,
  0x65, 0x72, 0x61, 0x6E, 0x64, 0x00, 0x00, 0x00, 0x00, 0x00, 0x00, 0x00,
  0x6D, 0x6B, 0x64, 0x69, 0x72, 0x3A, 0x20, 0x63, 0x61, 0x6E, 0x6E, 0x6F,
  0x74, 0x20, 0x63, 0x72, 0x65, 0x61, 0x74, 0x65, 0x20, 0x64, 0x69, 0x72,
  0x65, 0x63, 0x74, 0x6F, 0x72, 0x79, 0x20, 0x27, 0x00, 0x27, 0x00, 0x43,
  0x72, 0x65, 0x61, 0x74, 0x65, 0x64, 0x20, 0x64, 0x69, 0x72, 0x65, 0x63,
  0x74, 0x6F, 0x72, 0x79, 0x3A, 0x20, 0x00, 0x72, 0x6D, 0x3A, 0x20, 0x6D,
  0x69, 0x73, 0x73, 0x69, 0x6E, 0x67, 0x20, 0x6F, 0x70, 0x65, 0x72, 0x61,
  0x6E, 0x64, 0x00, 0x72, 0x6D, 0x3A, 0x20, 0x63, 0x61, 0x6E, 0x6E, 0x6F,
  0x74, 0x20, 0x72, 0x65, 0x6D, 0x6F, 0x76, 0x65, 0x20, 0x27, 0x00, 0x00,
  0x27, 0x3A, 0x20, 0x4E, 0x6F, 0x20, 0x73, 0x75, 0x63, 0x68, 0x20, 0x66,
  0x69, 0x6C, 0x65, 0x20, 0x6F, 0x72, 0x20, 0x70, 0x65, 0x72, 0x6D, 0x69,
  0x73, 0x73, 0x69, 0x6F, 0x6E, 0x20, 0x64, 0x65, 0x6E, 0x69, 0x65, 0x64,
  0x00, 0x52, 0x65, 0x6D, 0x6F, 0x76, 0x65, 0x64, 0x3A, 0x20, 0x00, 0x00,
  0x77, 0x72, 0x69, 0x74, 0x65, 0x3A, 0x20, 0x75, 0x73, 0x61, 0x67, 0x65,
  0x3A, 0x20, 0x77, 0x72, 0x69, 0x74, 0x65, 0x20, 0x3C, 0x66, 0x69, 0x6C,
  0x65, 0x3E, 0x20, 0x3C, 0x74, 0x65, 0x78, 0x74, 0x3E, 0x00, 0x77, 0x72,
  0x69, 0x74, 0x65, 0x3A, 0x20, 0x63, 0x61, 0x6E, 0x6E, 0x6F, 0x74, 0x20,
  0x6F, 0x70, 0x65, 0x6E, 0x20, 0x27, 0x00, 0x57, 0x72, 0x6F, 0x74, 0x65,
  0x20, 0x00, 0x20, 0x62, 0x79, 0x74, 0x65, 0x73, 0x2E, 0x00, 0x57, 0x72,
  0x69, 0x74, 0x65, 0x20, 0x65, 0x72, 0x72, 0x6F, 0x72, 0x2E, 0x00, 0x46,
  0x69, 0x6C, 0x65, 0x73, 0x79, 0x73, 0x74, 0x65, 0x6D, 0x20, 0x73, 0x79,
  0x6E, 0x63, 0x65, 0x64, 0x20, 0x74, 0x6F, 0x20, 0x64, 0x69, 0x73, 0x6B,
  0x2E, 0x00, 0x68, 0x65, 0x6C, 0x70, 0x00, 0x63, 0x6C, 0x65, 0x61, 0x72,
  0x00, 0x65, 0x63, 0x68, 0x6F, 0x00, 0x65, 0x78, 0x69, 0x74, 0x00, 0x70,
  0x77, 0x69, 0x64, 0x5F, 0x6C, 0x6F, 0x67, 0x69, 0x6E, 0x00, 0x70, 0x77,
  0x69, 0x64, 0x5F, 0x6C, 0x6F, 0x67, 0x6F, 0x75, 0x74, 0x00, 0x70, 0x77,
  0x69, 0x64, 0x5F, 0x77, 0x68, 0x6F, 0x61, 0x6D, 0x69, 0x00, 0x70, 0x77,
  0x69, 0x64, 0x5F, 0x70, 0x61, 0x73, 0x73, 0x77, 0x64, 0x00, 0x68, 0x6F,
  0x73, 0x74, 0x6E, 0x61, 0x6D, 0x65, 0x00, 0x6C, 0x73, 0x00, 0x63, 0x64,
  0x00, 0x70, 0x77, 0x64, 0x00, 0x63, 0x61, 0x74, 0x00, 0x74, 0x6F, 0x75,
  0x63, 0x68, 0x00, 0x6D, 0x6B, 0x64, 0x69, 0x72, 0x00, 0x72, 0x6D, 0x00,
  0x77, 0x72, 0x69, 0x74, 0x65, 0x00, 0x73, 0x79, 0x6E, 0x63, 0x00, 0x55,
  0x6E, 0x6B, 0x6E, 0x6F, 0x77, 0x6E, 0x20, 0x63, 0x6F, 0x6D, 0x6D, 0x61,
  0x6E, 0x64, 0x3A, 0x20, 0x00, 0x00, 0x00, 0x00, 0x0A, 0x00, 0x00, 0x00,
  0x00, 0x00, 0x00, 0x00, 0x3D, 0x3D, 0x3D, 0x3D, 0x3D, 0x3D, 0x3D, 0x3D,
  0x3D, 0x3D, 0x3D, 0x3D, 0x3D, 0x3D, 0x3D, 0x3D, 0x3D, 0x3D, 0x3D, 0x3D,
  0x3D, 0x3D, 0x3D, 0x3D, 0x3D, 0x3D, 0x3D, 0x3D, 0x3D, 0x3D, 0x3D, 0x3D,
  0x3D, 0x3D, 0x3D, 0x3D, 0x3D, 0x3D, 0x3D, 0x3D, 0x00, 0x00, 0x00, 0x00,
  0x00, 0x00, 0x00, 0x00, 0x20, 0x20, 0x20, 0x20, 0x20, 0x20, 0x20, 0x20,
  0x41, 0x6E, 0x74, 0x58, 0x20, 0x49, 0x6E, 0x73, 0x74, 0x61, 0x6C, 0x6C,
  0x61, 0x74, 0x69, 0x6F, 0x6E, 0x20, 0x57, 0x69, 0x7A, 0x61, 0x72, 0x64,
  0x00, 0x00, 0x00, 0x00, 0x00, 0x00, 0x00, 0x00, 0x57, 0x65, 0x6C, 0x63,
  0x6F, 0x6D, 0x65, 0x20, 0x74, 0x6F, 0x20, 0x41, 0x6E, 0x74, 0x58, 0x20,
  0x4F, 0x70, 0x65, 0x72, 0x61, 0x74, 0x69, 0x6E, 0x67, 0x20, 0x53, 0x79,
  0x73, 0x74, 0x65, 0x6D, 0x21, 0x00, 0x00, 0x00, 0x00, 0x00, 0x00, 0x00,
  0x54, 0x68, 0x69, 0x73, 0x20, 0x77, 0x69, 0x7A, 0x61, 0x72, 0x64, 0x20,
  0x77, 0x69, 0x6C, 0x6C, 0x20, 0x67, 0x75, 0x69, 0x64, 0x65, 0x20, 0x79,
  0x6F, 0x75, 0x20, 0x74, 0x68, 0x72, 0x6F, 0x75, 0x67, 0x68, 0x20, 0x74,
  0x68, 0x65, 0x00, 0x00, 0x69, 0x6E, 0x69, 0x74, 0x69, 0x61, 0x6C, 0x20,
  0x73, 0x79, 0x73, 0x74, 0x65, 0x6D, 0x20, 0x73, 0x65, 0x74, 0x75, 0x70,
  0x2E, 0x20, 0x54, 0x68, 0x69, 0x73, 0x20, 0x70, 0x72, 0x6F, 0x63, 0x65,
  0x73, 0x73, 0x20, 0x77, 0x69, 0x6C, 0x6C, 0x00, 0x6F, 0x6E, 0x6C, 0x79,
  0x20, 0x72, 0x75, 0x6E, 0x20, 0x6F, 0x6E, 0x63, 0x65, 0x2E, 0x00, 0x50,
  0x72, 0x65, 0x73, 0x73, 0x20, 0x45, 0x4E, 0x54, 0x45, 0x52, 0x20, 0x74,
  0x6F, 0x20, 0x63, 0x6F, 0x6E, 0x74, 0x69, 0x6E, 0x75, 0x65, 0x2E, 0x2E,
  0x2E, 0x00, 0x00, 0x00, 0x00, 0x00, 0x00, 0x00, 0x2D, 0x2D, 0x2D, 0x20,
  0x53, 0x74, 0x65, 0x70, 0x20, 0x31, 0x3A, 0x20, 0x52, 0x6F, 0x6F, 0x74,
  0x20, 0x41, 0x63, 0x63, 0x6F, 0x75, 0x6E, 0x74, 0x20, 0x53, 0x65, 0x74,
  0x75, 0x70, 0x20, 0x2D, 0x2D, 0x2D, 0x00, 0x00, 0x00, 0x00, 0x00, 0x00,
  0x43, 0x72, 0x65, 0x61, 0x74, 0x69, 0x6E, 0x67, 0x20, 0x74, 0x68, 0x65,
  0x20, 0x72, 0x6F, 0x6F, 0x74, 0x20, 0x28, 0x61, 0x64, 0x6D, 0x69, 0x6E,
  0x69, 0x73, 0x74, 0x72, 0x61, 0x74, 0x6F, 0x72, 0x29, 0x20, 0x61, 0x63,
  0x63, 0x6F, 0x75, 0x6E, 0x74, 0x2E, 0x00, 0x00, 0x00, 0x00, 0x00, 0x00,
  0x54, 0x68, 0x69, 0x73, 0x20, 0x61, 0x63, 0x63, 0x6F, 0x75, 0x6E, 0x74,
  0x20, 0x68, 0x61, 0x73, 0x20, 0x66, 0x75, 0x6C, 0x6C, 0x20, 0x73, 0x79,
  0x73, 0x74, 0x65, 0x6D, 0x20, 0x61, 0x63, 0x63, 0x65, 0x73, 0x73, 0x2E,
  0x00, 0x00, 0x00, 0x00, 0x45, 0x6E, 0x74, 0x65, 0x72, 0x20, 0x72, 0x6F,
  0x6F, 0x74, 0x20, 0x70, 0x61, 0x73, 0x73, 0x77, 0x6F, 0x72, 0x64, 0x20,
  0x28, 0x6D, 0x69, 0x6E, 0x20, 0x34, 0x20, 0x63, 0x68, 0x61, 0x72, 0x73,
  0x29, 0x3A, 0x20, 0x00, 0x50, 0x61, 0x73, 0x73, 0x77, 0x6F, 0x72, 0x64,
  0x20, 0x74, 0x6F, 0x6F, 0x20, 0x73, 0x68, 0x6F, 0x72, 0x74, 0x21, 0x20,
  0x4D, 0x69, 0x6E, 0x69, 0x6D, 0x75, 0x6D, 0x20, 0x00, 0x20, 0x63, 0x68,
  0x61, 0x72, 0x61, 0x63, 0x74, 0x65, 0x72, 0x73, 0x20, 0x72, 0x65, 0x71,
  0x75, 0x69, 0x72, 0x65, 0x64, 0x2E, 0x00, 0x43, 0x6F, 0x6E, 0x66, 0x69,
  0x72, 0x6D, 0x20, 0x72, 0x6F, 0x6F, 0x74, 0x20, 0x70, 0x61, 0x73, 0x73,
  0x77, 0x6F, 0x72, 0x64, 0x3A, 0x20, 0x00, 0x00, 0x50, 0x61, 0x73, 0x73,
  0x77, 0x6F, 0x72, 0x64, 0x73, 0x20, 0x64, 0x6F, 0x20, 0x6E, 0x6F, 0x74,
  0x20, 0x6D, 0x61, 0x74, 0x63, 0x68, 0x21, 0x20, 0x50, 0x6C, 0x65, 0x61,
  0x73, 0x65, 0x20, 0x74, 0x72, 0x79, 0x20, 0x61, 0x67, 0x61, 0x69, 0x6E,
  0x2E, 0x00, 0x00, 0x00, 0x00, 0x00, 0x00, 0x00, 0x45, 0x6E, 0x74, 0x65,
  0x72, 0x20, 0x72, 0x6F, 0x6F, 0x74, 0x20, 0x61, 0x63, 0x63, 0x6F, 0x75,
  0x6E, 0x74, 0x20, 0x6E, 0x6F, 0x74, 0x65, 0x20, 0x28, 0x64, 0x65, 0x66,
  0x61, 0x75, 0x6C, 0x74, 0x3A, 0x20, 0x72, 0x6F, 0x6F, 0x74, 0x29, 0x3A,
  0x20, 0x00, 0x72, 0x6F, 0x6F, 0x74, 0x00, 0x43, 0x72, 0x65, 0x61, 0x74,
  0x69, 0x6E, 0x67, 0x20, 0x72, 0x6F, 0x6F, 0x74, 0x20, 0x61, 0x63, 0x63,
  0x6F, 0x75, 0x6E, 0x74, 0x2E, 0x2E, 0x2E, 0x00, 0x52, 0x6F, 0x6F, 0x74,
  0x20, 0x61, 0x63, 0x63, 0x6F, 0x75, 0x6E, 0x74, 0x20, 0x63, 0x72, 0x65,
  0x61, 0x74, 0x65, 0x64, 0x20, 0x73, 0x75, 0x63, 0x63, 0x65, 0x73, 0x73,
  0x66, 0x75, 0x6C, 0x6C, 0x79, 0x21, 0x00, 0x00, 0x00, 0x00, 0x00, 0x00,
  0x46, 0x61, 0x69, 0x6C, 0x65, 0x64, 0x20, 0x74, 0x6F, 0x20, 0x63, 0x72,
  0x65, 0x61, 0x74, 0x65, 0x20, 0x72, 0x6F, 0x6F, 0x74, 0x20, 0x61, 0x63,
  0x63, 0x6F, 0x75, 0x6E, 0x74, 0x20, 0x28, 0x65, 0x72, 0x72, 0x6F, 0x72,
  0x3A, 0x20, 0x00, 0x29, 0x2E, 0x20, 0x50, 0x6C, 0x65, 0x61, 0x73, 0x65,
  0x20, 0x74, 0x72, 0x79, 0x20, 0x61, 0x67, 0x61, 0x69, 0x6E, 0x2E, 0x00,
  0x00, 0x00, 0x00, 0x00, 0x2D, 0x2D, 0x2D, 0x20, 0x53, 0x74, 0x65, 0x70,
  0x20, 0x32, 0x3A, 0x20, 0x53, 0x79, 0x73, 0x74, 0x65, 0x6D, 0x20, 0x43,
  0x6F, 0x6E, 0x66, 0x69, 0x67, 0x75, 0x72, 0x61, 0x74, 0x69, 0x6F, 0x6E,
  0x20, 0x2D, 0x2D, 0x2D, 0x00, 0x00, 0x00, 0x00, 0x45, 0x6E, 0x74, 0x65,
  0x72, 0x20, 0x68, 0x6F, 0x73, 0x74, 0x6E, 0x61, 0x6D, 0x65, 0x20, 0x28,
  0x64, 0x65, 0x66, 0x61, 0x75, 0x6C, 0x74, 0x3A, 0x20, 0x6C, 0x6F, 0x63,
  0x61, 0x6C, 0x68, 0x6F, 0x73, 0x74, 0x29, 0x3A, 0x20, 0x00, 0x6C, 0x6F,
  0x63, 0x61, 0x6C, 0x68, 0x6F, 0x73, 0x74, 0x00, 0x48, 0x6F, 0x73, 0x74,
  0x6E, 0x61, 0x6D, 0x65, 0x20, 0x73, 0x65, 0x74, 0x20, 0x74, 0x6F, 0x3A,
  0x20, 0x00, 0x00, 0x00, 0x00, 0x00, 0x00, 0x00, 0x57, 0x61, 0x72, 0x6E,
  0x69, 0x6E, 0x67, 0x3A, 0x20, 0x46, 0x61, 0x69, 0x6C, 0x65, 0x64, 0x20,
  0x74, 0x6F, 0x20, 0x73, 0x65, 0x74, 0x20, 0x68, 0x6F, 0x73, 0x74, 0x6E,
  0x61, 0x6D, 0x65, 0x2C, 0x20, 0x75, 0x73, 0x69, 0x6E, 0x67, 0x20, 0x64,
  0x65, 0x66, 0x61, 0x75, 0x6C, 0x74, 0x2E, 0x00, 0x2F, 0x65, 0x74, 0x63,
  0x2F, 0x68, 0x6F, 0x73, 0x74, 0x6E, 0x61, 0x6D, 0x65, 0x00, 0x00, 0x00,
  0x53, 0x79, 0x73, 0x74, 0x65, 0x6D, 0x20, 0x63, 0x6F, 0x6E, 0x66, 0x69,
  0x67, 0x75, 0x72, 0x61, 0x74, 0x69, 0x6F, 0x6E, 0x20, 0x63, 0x6F, 0x6D,
  0x70, 0x6C, 0x65, 0x74, 0x65, 0x21, 0x00, 0x00, 0x2D, 0x2D, 0x2D, 0x20,
  0x53, 0x74, 0x65, 0x70, 0x20, 0x33, 0x3A, 0x20, 0x46, 0x69, 0x6E, 0x61,
  0x6C, 0x69, 0x7A, 0x69, 0x6E, 0x67, 0x20, 0x49, 0x6E, 0x73, 0x74, 0x61,
  0x6C, 0x6C, 0x61, 0x74, 0x69, 0x6F, 0x6E, 0x20, 0x2D, 0x2D, 0x2D, 0x00,
  0x53, 0x79, 0x6E, 0x63, 0x69, 0x6E, 0x67, 0x20, 0x66, 0x69, 0x6C, 0x65,
  0x73, 0x79, 0x73, 0x74, 0x65, 0x6D, 0x20, 0x74, 0x6F, 0x20, 0x64, 0x69,
  0x73, 0x6B, 0x2E, 0x2E, 0x2E, 0x00, 0x00, 0x00, 0x43, 0x72, 0x65, 0x61,
  0x74, 0x69, 0x6E, 0x67, 0x20, 0x69, 0x6E, 0x73, 0x74, 0x61, 0x6C, 0x6C,
  0x61, 0x74, 0x69, 0x6F, 0x6E, 0x20, 0x6D, 0x61, 0x72, 0x6B, 0x65, 0x72,
  0x2E, 0x2E, 0x2E, 0x00, 0x2F, 0x2E, 0x61, 0x6E, 0x74, 0x78, 0x5F, 0x69,
  0x6E, 0x73, 0x74, 0x61, 0x6C, 0x6C, 0x65, 0x64, 0x00, 0x00, 0x00, 0x00,
  0x00, 0x00, 0x00, 0x00, 0x45, 0x72, 0x72, 0x6F, 0x72, 0x3A, 0x20, 0x46,
  0x61, 0x69, 0x6C, 0x65, 0x64, 0x20, 0x74, 0x6F, 0x20, 0x63, 0x72, 0x65,
  0x61, 0x74, 0x65, 0x20, 0x69, 0x6E, 0x73, 0x74, 0x61, 0x6C, 0x6C, 0x61,
  0x74, 0x69, 0x6F, 0x6E, 0x20, 0x6D, 0x61, 0x72, 0x6B, 0x65, 0x72, 0x21,
  0x00, 0x69, 0x6E, 0x73, 0x74, 0x61, 0x6C, 0x6C, 0x65, 0x64, 0x0A, 0x00,
  0x20, 0x20, 0x20, 0x20, 0x20, 0x49, 0x6E, 0x73, 0x74, 0x61, 0x6C, 0x6C,
  0x61, 0x74, 0x69, 0x6F, 0x6E, 0x20, 0x43, 0x6F, 0x6D, 0x70, 0x6C, 0x65,
  0x74, 0x65, 0x21, 0x00, 0x41, 0x6E, 0x74, 0x58, 0x20, 0x69, 0x73, 0x20,
  0x6E, 0x6F, 0x77, 0x20, 0x72, 0x65, 0x61, 0x64, 0x79, 0x20, 0x66, 0x6F,
  0x72, 0x20, 0x75, 0x73, 0x65, 0x2E, 0x00, 0x00, 0x53, 0x74, 0x61, 0x72,
  0x74, 0x69, 0x6E, 0x67, 0x20, 0x73, 0x68, 0x65, 0x6C, 0x6C, 0x20, 0x69,
  0x6E, 0x20, 0x33, 0x20, 0x73, 0x65, 0x63, 0x6F, 0x6E, 0x64, 0x73, 0x2E,
  0x2E, 0x2E, 0x00, 0x00, 0x49, 0x6E, 0x73, 0x74, 0x61, 0x6C, 0x6C, 0x61,
  0x74, 0x69, 0x6F, 0x6E, 0x20, 0x66, 0x61, 0x69, 0x6C, 0x65, 0x64, 0x20,
  0x61, 0x74, 0x20, 0x72, 0x6F, 0x6F, 0x74, 0x20, 0x61, 0x63, 0x63, 0x6F,
  0x75, 0x6E, 0x74, 0x20, 0x73, 0x65, 0x74, 0x75, 0x70, 0x2E, 0x00, 0x50,
  0x6C, 0x65, 0x61, 0x73, 0x65, 0x20, 0x72, 0x65, 0x73, 0x74, 0x61, 0x72,
  0x74, 0x20, 0x74, 0x68, 0x65, 0x20, 0x73, 0x79, 0x73, 0x74, 0x65, 0x6D,
  0x2E, 0x00, 0x00, 0x00, 0x57, 0x61, 0x72, 0x6E, 0x69, 0x6E, 0x67, 0x3A,
  0x20, 0x49, 0x6E, 0x73, 0x74, 0x61, 0x6C, 0x6C, 0x61, 0x74, 0x69, 0x6F,
  0x6E, 0x20, 0x6D, 0x61, 0x79, 0x20, 0x62, 0x65, 0x20, 0x69, 0x6E, 0x63,
  0x6F, 0x6D, 0x70, 0x6C, 0x65, 0x74, 0x65, 0x2E, 0x00, 0x00, 0x00, 0x00,
  0x00, 0x00, 0x00, 0x00, 0x04, 0x00, 0x00, 0x00, 0x20, 0x00, 0x00, 0x00,
  0x05, 0x00, 0x00, 0x00, 0x47, 0x4E, 0x55, 0x00, 0x01, 0x00, 0x01, 0xC0,
  0x04, 0x00, 0x00, 0x00, 0x01, 0x00, 0x00, 0x00, 0x00, 0x00, 0x00, 0x00,
  0x02, 0x00, 0x01, 0xC0, 0x04, 0x00, 0x00, 0x00, 0x01, 0x00, 0x00, 0x00,
  0x00, 0x00, 0x00, 0x00, 0x00, 0x00, 0x00, 0x00, 0x00, 0x00, 0x00, 0x00,
  0x00, 0x00, 0x00, 0x00, 0x00, 0x00, 0x00, 0x00, 0x00, 0x00, 0x00, 0x00,
  0x00, 0x00, 0x00, 0x00, 0x00, 0x00, 0x00, 0x00, 0x00, 0x00, 0x00, 0x00,
  0x00, 0x00, 0x00, 0x00, 0x00, 0x00, 0x00, 0x00, 0x00, 0x00, 0x00, 0x00,
  0x00, 0x00, 0x00, 0x00, 0x00, 0x00, 0x00, 0x00, 0x00, 0x00, 0x00, 0x00,
  0x00, 0x00, 0x00, 0x00, 0x00, 0x00, 0x00, 0x00, 0x00, 0x00, 0x00, 0x00,
  0x00, 0x00, 0x00, 0x00, 0x00, 0x00, 0x00, 0x00, 0x00, 0x00, 0x00, 0x00,
  0x00, 0x00, 0x00, 0x00, 0x00, 0x00, 0x00, 0x00, 0x00, 0x00, 0x00, 0x00,
  0x00, 0x00, 0x00, 0x00, 0x00, 0x00, 0x00, 0x00, 0x00, 0x00, 0x00, 0x00,
  0x00, 0x00, 0x00, 0x00, 0x00, 0x00, 0x00, 0x00, 0x00, 0x00, 0x00, 0x00,
  0x00, 0x00, 0x00, 0x00, 0x00, 0x00, 0x00, 0x00, 0x00, 0x00, 0x00, 0x00,
  0x00, 0x00, 0x00, 0x00, 0x00, 0x00, 0x00, 0x00, 0x00, 0x00, 0x00, 0x00,
  0x00, 0x00, 0x00, 0x00, 0x00, 0x00, 0x00, 0x00, 0x00, 0x00, 0x00, 0x00,
  0x00, 0x00, 0x00, 0x00, 0x00, 0x00, 0x00, 0x00, 0x00, 0x00, 0x00, 0x00,
  0x00, 0x00, 0x00, 0x00, 0x00, 0x00, 0x00, 0x00, 0x00, 0x00, 0x00, 0x00,
  0x00, 0x00, 0x00, 0x00, 0x00, 0x00, 0x00, 0x00, 0x00, 0x00, 0x00, 0x00,
  0x00, 0x00, 0x00, 0x00, 0x00, 0x00, 0x00, 0x00, 0x00, 0x00, 0x00, 0x00,
  0x00, 0x00, 0x00, 0x00, 0x00, 0x00, 0x00, 0x00, 0xEF, 0xBE, 0xAD, 0xDE,
  0xBE, 0xBA, 0xFE, 0xCA, 0x01, 0x00, 0x00, 0x00, 0x00, 0x00, 0x00, 0x00,
  0x00, 0x00, 0x00, 0x00, 0x00, 0x00, 0x00, 0x00, 0x00, 0x00, 0x00, 0x00,
  0x00, 0x00, 0x00, 0x00, 0x46, 0x39, 0x40, 0x00, 0x00, 0x00, 0x00, 0x00,
  0x79, 0x0D, 0x40, 0x00, 0x00, 0x00, 0x00, 0x00, 0x4B, 0x39, 0x40, 0x00,
  0x00, 0x00, 0x00, 0x00, 0x06, 0x0F, 0x40, 0x00, 0x00, 0x00, 0x00, 0x00,
  0x51, 0x39, 0x40, 0x00, 0x00, 0x00, 0x00, 0x00, 0x2B, 0x0F, 0x40, 0x00,
  0x00, 0x00, 0x00, 0x00, 0x56, 0x39, 0x40, 0x00, 0x00, 0x00, 0x00, 0x00,
  0x99, 0x0F, 0x40, 0x00, 0x00, 0x00, 0x00, 0x00, 0x5B, 0x39, 0x40, 0x00,
  0x00, 0x00, 0x00, 0x00, 0xC8, 0x0F, 0x40, 0x00, 0x00, 0x00, 0x00, 0x00,
  0x66, 0x39, 0x40, 0x00, 0x00, 0x00, 0x00, 0x00, 0xA0, 0x10, 0x40, 0x00,
  0x00, 0x00, 0x00, 0x00, 0x72, 0x39, 0x40, 0x00, 0x00, 0x00, 0x00, 0x00,
  0xCA, 0x10, 0x40, 0x00, 0x00, 0x00, 0x00, 0x00, 0x7E, 0x39, 0x40, 0x00,
  0x00, 0x00, 0x00, 0x00, 0x54, 0x12, 0x40, 0x00, 0x00, 0x00, 0x00, 0x00,
  0x8A, 0x39, 0x40, 0x00, 0x00, 0x00, 0x00, 0x00, 0x95, 0x12, 0x40, 0x00,
  0x00, 0x00, 0x00, 0x00, 0x93, 0x39, 0x40, 0x00, 0x00, 0x00, 0x00, 0x00,
  0x71, 0x13, 0x40, 0x00, 0x00, 0x00, 0x00, 0x00, 0x96, 0x39, 0x40, 0x00,
  0x00, 0x00, 0x00, 0x00, 0x92, 0x14, 0x40, 0x00, 0x00, 0x00, 0x00, 0x00,
  0x99, 0x39, 0x40, 0x00, 0x00, 0x00, 0x00, 0x00, 0x18, 0x15, 0x40, 0x00,
  0x00, 0x00, 0x00, 0x00, 0x9D, 0x39, 0x40, 0x00, 0x00, 0x00, 0x00, 0x00,
  0x74, 0x15, 0x40, 0x00, 0x00, 0x00, 0x00, 0x00, 0xA1, 0x39, 0x40, 0x00,
  0x00, 0x00, 0x00, 0x00, 0x61, 0x16, 0x40, 0x00, 0x00, 0x00, 0x00, 0x00,
  0xA7, 0x39, 0x40, 0x00, 0x00, 0x00, 0x00, 0x00, 0x20, 0x17, 0x40, 0x00,
  0x00, 0x00, 0x00, 0x00, 0xAD, 0x39, 0x40, 0x00, 0x00, 0x00, 0x00, 0x00,
  0xD0, 0x17, 0x40, 0x00, 0x00, 0x00, 0x00, 0x00, 0xB0, 0x39, 0x40, 0x00,
  0x00, 0x00, 0x00, 0x00, 0x78, 0x18, 0x40, 0x00, 0x00, 0x00, 0x00, 0x00,
  0xB6, 0x39, 0x40, 0x00, 0x00, 0x00, 0x00, 0x00, 0x90, 0x19, 0x40, 0x00,
  0x00, 0x00, 0x00, 0x00, 0x00, 0x00, 0x00, 0x00, 0x00, 0x00, 0x00, 0x00,
  0x00, 0x00, 0x00, 0x00, 0x00, 0x00, 0x00, 0x00, 0x00, 0x00, 0x00, 0x00,
  0x00, 0x00, 0x00, 0x00, 0x00, 0x00, 0x00, 0x00, 0x00, 0x00, 0x00, 0x00,
  0x00, 0x00, 0x00, 0x00, 0x00, 0x00, 0x00, 0x00, 0x01, 0x00, 0x00, 0x00,
  0x04, 0x00, 0xF1, 0xFF, 0x00, 0x00, 0x00, 0x00, 0x00, 0x00, 0x00, 0x00,
  0x00, 0x00, 0x00, 0x00, 0x00, 0x00, 0x00, 0x00, 0x08, 0x00, 0x00, 0x00,
  0x02, 0x00, 0x01, 0x00, 0x00, 0x00, 0x40, 0x00, 0x00, 0x00, 0x00, 0x00,
  0x18, 0x00, 0x00, 0x00, 0x00, 0x00, 0x00, 0x00, 0x11, 0x00, 0x00, 0x00,
  0x02, 0x00, 0x01, 0x00, 0x18, 0x00, 0x40, 0x00, 0x00, 0x00, 0x00, 0x00,
  0x23, 0x00, 0x00, 0x00, 0x00, 0x00, 0x00, 0x00, 0x1A, 0x00, 0x00, 0x00,
  0x02, 0x00, 0x01, 0x00, 0x3B, 0x00, 0x40, 0x00, 0x00, 0x00, 0x00, 0x00,
  0x2E, 0x00, 0x00, 0x00, 0x00, 0x00, 0x00, 0x00, 0x23, 0x00, 0x00, 0x00,
  0x02, 0x00, 0x01, 0x00, 0x69, 0x00, 0x40, 0x00, 0x00, 0x00, 0x00, 0x00,
  0x36, 0x00, 0x00, 0x00, 0x00, 0x00, 0x00, 0x00, 0x2C, 0x00, 0x00, 0x00,
  0x02, 0x00, 0x01, 0x00, 0x9F, 0x00, 0x40, 0x00, 0x00, 0x00, 0x00, 0x00,
  0x31, 0x00, 0x00, 0x00, 0x00, 0x00, 0x00, 0x00, 0x38, 0x00, 0x00, 0x00,
  0x02, 0x00, 0x01, 0x00, 0xD0, 0x00, 0x40, 0x00, 0x00, 0x00, 0x00, 0x00,
  0x1F, 0x00, 0x00, 0x00, 0x00, 0x00, 0x00, 0x00, 0x45, 0x00, 0x00, 0x00,
  0x02, 0x00, 0x01, 0x00, 0xEF, 0x00, 0x40, 0x00, 0x00, 0x00, 0x00, 0x00,
  0x30, 0x00, 0x00, 0x00, 0x00, 0x00, 0x00, 0x00, 0x51, 0x00, 0x00, 0x00,
  0x02, 0x00, 0x01, 0x00, 0x1F, 0x01, 0x40, 0x00, 0x00, 0x00, 0x00, 0x00,
  0x30, 0x00, 0x00, 0x00, 0x00, 0x00, 0x00, 0x00, 0x5E, 0x00, 0x00, 0x00,
  0x02, 0x00, 0x01, 0x00, 0x4F, 0x01, 0x40, 0x00, 0x00, 0x00, 0x00, 0x00,
  0x28, 0x00, 0x00, 0x00, 0x00, 0x00, 0x00, 0x00, 0x6E, 0x00, 0x00, 0x00,
  0x02, 0x00, 0x01, 0x00, 0x77, 0x01, 0x40, 0x00, 0x00, 0x00, 0x00, 0x00,
  0x1F, 0x00, 0x00, 0x00, 0x00, 0x00, 0x00, 0x00, 0x80, 0x00, 0x00, 0x00,
  0x02, 0x00, 0x01, 0x00, 0x96, 0x01, 0x40, 0x00, 0x00, 0x00, 0x00, 0x00,
  0x1F, 0x00, 0x00, 0x00, 0x00, 0x00, 0x00, 0x00, 0x8E, 0x00, 0x00, 0x00,
  0x02, 0x00, 0x01, 0x00, 0xB5, 0x01, 0x40, 0x00, 0x00, 0x00, 0x00, 0x00,
  0x28, 0x00, 0x00, 0x00, 0x00, 0x00, 0x00, 0x00, 0xA6, 0x00, 0x00, 0x00,
  0x02, 0x00, 0x01, 0x00, 0xDD, 0x01, 0x40, 0x00, 0x00, 0x00, 0x00, 0x00,
  0x1F, 0x00, 0x00, 0x00, 0x00, 0x00, 0x00, 0x00, 0xBE, 0x00, 0x00, 0x00,
  0x02, 0x00, 0x01, 0x00, 0xFC, 0x01, 0x40, 0x00, 0x00, 0x00, 0x00, 0x00,
  0x27, 0x00, 0x00, 0x00, 0x00, 0x00, 0x00, 0x00, 0xD4, 0x00, 0x00, 0x00,
  0x02, 0x00, 0x01, 0x00, 0x23, 0x02, 0x40, 0x00, 0x00, 0x00, 0x00, 0x00,
  0x10, 0x00, 0x00, 0x00, 0x00, 0x00, 0x00, 0x00, 0xF0, 0x00, 0x00, 0x00,
  0x02, 0x00, 0x01, 0x00, 0x33, 0x02, 0x40, 0x00, 0x00, 0x00, 0x00, 0x00,
  0x30, 0x00, 0x00, 0x00, 0x00, 0x00, 0x00, 0x00, 0x05, 0x01, 0x00, 0x00,
  0x02, 0x00, 0x01, 0x00, 0x63, 0x02, 0x40, 0x00, 0x00, 0x00, 0x00, 0x00,
  0x27, 0x00, 0x00, 0x00, 0x00, 0x00, 0x00, 0x00, 0x23, 0x01, 0x00, 0x00,
  0x02, 0x00, 0x01, 0x00, 0x8A, 0x02, 0x40, 0x00, 0x00, 0x00, 0x00, 0x00,
  0x1F, 0x00, 0x00, 0x00, 0x00, 0x00, 0x00, 0x00, 0x41, 0x01, 0x00, 0x00,
  0x02, 0x00, 0x01, 0x00, 0xA9, 0x02, 0x40, 0x00, 0x00, 0x00, 0x00, 0x00,
  0x28, 0x00, 0x00, 0x00, 0x00, 0x00, 0x00, 0x00, 0x52, 0x01, 0x00, 0x00,
  0x02, 0x00, 0x01, 0x00, 0xD1, 0x02, 0x40, 0x00, 0x00, 0x00, 0x00, 0x00,
  0x28, 0x00, 0x00, 0x00, 0x00, 0x00, 0x00, 0x00, 0x63, 0x01, 0x00, 0x00,
  0x02, 0x00, 0x01, 0x00, 0xF9, 0x02, 0x40, 0x00, 0x00, 0x00, 0x00, 0x00,
  0x10, 0x00, 0x00, 0x00, 0x00, 0x00, 0x00, 0x00, 0x73, 0x01, 0x00, 0x00,
  0x01, 0x00, 0x05, 0x00, 0x00, 0x50, 0x40, 0x00, 0x00, 0x00, 0x00, 0x00,
  0x00, 0x04, 0x00, 0x00, 0x00, 0x00, 0x00, 0x00, 0x7E, 0x01, 0x00, 0x00,
  0x01, 0x00, 0x05, 0x00, 0x00, 0x54, 0x40, 0x00, 0x00, 0x00, 0x00, 0x00,
  0x80, 0x00, 0x00, 0x00, 0x00, 0x00, 0x00, 0x00, 0x87, 0x01, 0x00, 0x00,
  0x01, 0x00, 0x05, 0x00, 0x80, 0x54, 0x40, 0x00, 0x00, 0x00, 0x00, 0x00,
  0x00, 0x01, 0x00, 0x00, 0x00, 0x00, 0x00, 0x00, 0x8F, 0x01, 0x00, 0x00,
  0x04, 0x00, 0xF1, 0xFF, 0x00, 0x00, 0x00, 0x00, 0x00, 0x00, 0x00, 0x00,
  0x00, 0x00, 0x00, 0x00, 0x00, 0x00, 0x00, 0x00, 0x11, 0x00, 0x00, 0x00,
  0x02, 0x00, 0x01, 0x00, 0xAF, 0x0A, 0x40, 0x00, 0x00, 0x00, 0x00, 0x00,
  0x23, 0x00, 0x00, 0x00, 0x00, 0x00, 0x00, 0x00, 0x9E, 0x01, 0x00, 0x00,
  0x02, 0x00, 0x01, 0x00, 0xD2, 0x0A, 0x40, 0x00, 0x00, 0x00, 0x00, 0x00,
  0x1F, 0x00, 0x00, 0x00, 0x00, 0x00, 0x00, 0x00, 0xAC, 0x01, 0x00, 0x00,
  0x04, 0x00, 0xF1, 0xFF, 0x00, 0x00, 0x00, 0x00, 0x00, 0x00, 0x00, 0x00,
  0x00, 0x00, 0x00, 0x00, 0x00, 0x00, 0x00, 0x00, 0x08, 0x00, 0x00, 0x00,
  0x02, 0x00, 0x01, 0x00, 0x2C, 0x0B, 0x40, 0x00, 0x00, 0x00, 0x00, 0x00,
  0x18, 0x00, 0x00, 0x00, 0x00, 0x00, 0x00, 0x00, 0xB3, 0x01, 0x00, 0x00,
  0x02, 0x00, 0x01, 0x00, 0x44, 0x0B, 0x40, 0x00, 0x00, 0x00, 0x00, 0x00,
  0x10, 0x00, 0x00, 0x00, 0x00, 0x00, 0x00, 0x00, 0xC5, 0x01, 0x00, 0x00,
  0x02, 0x00, 0x01, 0x00, 0x54, 0x0B, 0x40, 0x00, 0x00, 0x00, 0x00, 0x00,
  0x61, 0x00, 0x00, 0x00, 0x00, 0x00, 0x00, 0x00, 0xD2, 0x01, 0x00, 0x00,
  0x02, 0x00, 0x01, 0x00, 0xB5, 0x0B, 0x40, 0x00, 0x00, 0x00, 0x00, 0x00,
  0x56, 0x00, 0x00, 0x00, 0x00, 0x00, 0x00, 0x00, 0xDF, 0x01, 0x00, 0x00,
  0x04, 0x00, 0xF1, 0xFF, 0x00, 0x00, 0x00, 0x00, 0x00, 0x00, 0x00, 0x00,
  0x00, 0x00, 0x00, 0x00, 0x00, 0x00, 0x00, 0x00, 0x08, 0x00, 0x00, 0x00,
  0x02, 0x00, 0x01, 0x00, 0xFC, 0x0C, 0x40, 0x00, 0x00, 0x00, 0x00, 0x00,
  0x18, 0x00, 0x00, 0x00, 0x00, 0x00, 0x00, 0x00, 0x1A, 0x00, 0x00, 0x00,
  0x02, 0x00, 0x01, 0x00, 0x14, 0x0D, 0x40, 0x00, 0x00, 0x00, 0x00, 0x00,
  0x2E, 0x00, 0x00, 0x00, 0x00, 0x00, 0x00, 0x00, 0xB3, 0x01, 0x00, 0x00,
  0x02, 0x00, 0x01, 0x00, 0x42, 0x0D, 0x40, 0x00, 0x00, 0x00, 0x00, 0x00,
  0x10, 0x00, 0x00, 0x00, 0x00, 0x00, 0x00, 0x00, 0xEA, 0x01, 0x00, 0x00,
  0x02, 0x00, 0x01, 0x00, 0x52, 0x0D, 0x40, 0x00, 0x00, 0x00, 0x00, 0x00,
  0x27, 0x00, 0x00, 0x00, 0x00, 0x00, 0x00, 0x00, 0xB8, 0x03, 0x00, 0x00,
  0x01, 0x00, 0x04, 0x00, 0x08, 0x40, 0x40, 0x00, 0x00, 0x00, 0x00, 0x00,
  0x04, 0x00, 0x00, 0x00, 0x00, 0x00, 0x00, 0x00, 0xFA, 0x01, 0x00, 0x00,
  0x02, 0x00, 0x01, 0x00, 0x30, 0x11, 0x40, 0x00, 0x00, 0x00, 0x00, 0x00,
  0x24, 0x01, 0x00, 0x00, 0x00, 0x00, 0x00, 0x00, 0x11, 0x02, 0x00, 0x00,
  0x04, 0x00, 0xF1, 0xFF, 0x00, 0x00, 0x00, 0x00, 0x00, 0x00, 0x00, 0x00,
  0x00, 0x00, 0x00, 0x00, 0x00, 0x00, 0x00, 0x00, 0x20, 0x02, 0x00, 0x00,
  0x02, 0x00, 0x01, 0x00, 0x8B, 0x1A, 0x40, 0x00, 0x00, 0x00, 0x00, 0x00,
  0xD0, 0x00, 0x00, 0x00, 0x00, 0x00, 0x00, 0x00, 0x2D, 0x02, 0x00, 0x00,
  0x02, 0x00, 0x01, 0x00, 0x5B, 0x1B, 0x40, 0x00, 0x00, 0x00, 0x00, 0x00,
  0xE6, 0x01, 0x00, 0x00, 0x00, 0x00, 0x00, 0x00, 0x3E, 0x02, 0x00, 0x00,
  0x02, 0x00, 0x01, 0x00, 0x41, 0x1D, 0x40, 0x00, 0x00, 0x00, 0x00, 0x00,
  0x31, 0x01, 0x00, 0x00, 0x00, 0x00, 0x00, 0x00, 0x4C, 0x02, 0x00, 0x00,
  0x02, 0x00, 0x01, 0x00, 0x72, 0x1E, 0x40, 0x00, 0x00, 0x00, 0x00, 0x00,
  0x55, 0x01, 0x00, 0x00, 0x00, 0x00, 0x00, 0x00, 0x00, 0x00, 0x00, 0x00,
  0x04, 0x00, 0xF1, 0xFF, 0x00, 0x00, 0x00, 0x00, 0x00, 0x00, 0x00, 0x00,
  0x00, 0x00, 0x00, 0x00, 0x00, 0x00, 0x00, 0x00, 0x5A, 0x02, 0x00, 0x00,
  0x01, 0x00, 0x04, 0x00, 0x50, 0x41, 0x40, 0x00, 0x00, 0x00, 0x00, 0x00,
  0x00, 0x00, 0x00, 0x00, 0x00, 0x00, 0x00, 0x00, 0x70, 0x02, 0x00, 0x00,
  0x12, 0x00, 0x01, 0x00, 0x20, 0x0B, 0x40, 0x00, 0x00, 0x00, 0x00, 0x00,
  0x0C, 0x00, 0x00, 0x00, 0x00, 0x00, 0x00, 0x00, 0x87, 0x02, 0x00, 0x00,
  0x12, 0x00, 0x01, 0x00, 0xD0, 0x17, 0x40, 0x00, 0x00, 0x00, 0x00, 0x00,
  0xA8, 0x00, 0x00, 0x00, 0x00, 0x00, 0x00, 0x00, 0x8E, 0x02, 0x00, 0x00,
  0x12, 0x00, 0x01, 0x00, 0x29, 0x08, 0x40, 0x00, 0x00, 0x00, 0x00, 0x00,
  0x3A, 0x00, 0x00, 0x00, 0x00, 0x00, 0x00, 0x00, 0x9A, 0x02, 0x00, 0x00,
  0x12, 0x00, 0x01, 0x00, 0x20, 0x17, 0x40, 0x00, 0x00, 0x00, 0x00, 0x00,
  0xB0, 0x00, 0x00, 0x00, 0x00, 0x00, 0x00, 0x00, 0xA4, 0x02, 0x00, 0x00,
  0x12, 0x00, 0x01, 0x00, 0xE3, 0x09, 0x40, 0x00, 0x00, 0x00, 0x00, 0x00,
  0x25, 0x00, 0x00, 0x00, 0x00, 0x00, 0x00, 0x00, 0xBE, 0x02, 0x00, 0x00,
  0x12, 0x00, 0x01, 0x00, 0x48, 0x09, 0x40, 0x00, 0x00, 0x00, 0x00, 0x00,
  0x22, 0x00, 0x00, 0x00, 0x00, 0x00, 0x00, 0x00, 0xCA, 0x02, 0x00, 0x00,
  0x12, 0x00, 0x01, 0x00, 0x22, 0x0A, 0x40, 0x00, 0x00, 0x00, 0x00, 0x00,
  0x22, 0x00, 0x00, 0x00, 0x00, 0x00, 0x00, 0x00, 0xDC, 0x02, 0x00, 0x00,
  0x12, 0x00, 0x01, 0x00, 0x0E, 0x04, 0x40, 0x00, 0x00, 0x00, 0x00, 0x00,
  0xF5, 0x00, 0x00, 0x00, 0x00, 0x00, 0x00, 0x00, 0xEB, 0x02, 0x00, 0x00,
  0x12, 0x00, 0x01, 0x00, 0x14, 0x09, 0x40, 0x00, 0x00, 0x00, 0x00, 0x00,
  0x1A, 0x00, 0x00, 0x00, 0x00, 0x00, 0x00, 0x00, 0xF6, 0x02, 0x00, 0x00,
  0x12, 0x00, 0x01, 0x00, 0x66, 0x0A, 0x40, 0x00, 0x00, 0x00, 0x00, 0x00,
  0x3D, 0x00, 0x00, 0x00, 0x00, 0x00, 0x00, 0x00, 0x01, 0x03, 0x00, 0x00,
  0x12, 0x00, 0x01, 0x00, 0x4D, 0x03, 0x40, 0x00, 0x00, 0x00, 0x00, 0x00,
  0x2A, 0x00, 0x00, 0x00, 0x00, 0x00, 0x00, 0x00, 0x0E, 0x03, 0x00, 0x00,
  0x11, 0x00, 0x04, 0x00, 0x00, 0x40, 0x40, 0x00, 0x00, 0x00, 0x00, 0x00,
  0x08, 0x00, 0x00, 0x00, 0x00, 0x00, 0x00, 0x00, 0x20, 0x03, 0x00, 0x00,
  0x12, 0x00, 0x01, 0x00, 0x0B, 0x0C, 0x40, 0x00, 0x00, 0x00, 0x00, 0x00,
  0xCB, 0x00, 0x00, 0x00, 0x00, 0x00, 0x00, 0x00, 0x2A, 0x03, 0x00, 0x00,
  0x12, 0x00, 0x01, 0x00, 0x2E, 0x09, 0x40, 0x00, 0x00, 0x00, 0x00, 0x00,
  0x1A, 0x00, 0x00, 0x00, 0x00, 0x00, 0x00, 0x00, 0x36, 0x03, 0x00, 0x00,
  0x12, 0x00, 0x01, 0x00, 0x74, 0x15, 0x40, 0x00, 0x00, 0x00, 0x00, 0x00,
  0xED, 0x00, 0x00, 0x00, 0x00, 0x00, 0x00, 0x00, 0x3E, 0x03, 0x00, 0x00,
  0x12, 0x00, 0x01, 0x00, 0xC8, 0x0F, 0x40, 0x00, 0x00, 0x00, 0x00, 0x00,
  0xD8, 0x00, 0x00, 0x00, 0x00, 0x00, 0x00, 0x00, 0x4D, 0x03, 0x00, 0x00,
  0x12, 0x00, 0x01, 0x00, 0x6A, 0x09, 0x40, 0x00, 0x00, 0x00, 0x00, 0x00,
  0x1A, 0x00, 0x00, 0x00, 0x00, 0x00, 0x00, 0x00, 0x58, 0x03, 0x00, 0x00,
  0x12, 0x00, 0x01, 0x00, 0xCA, 0x08, 0x40, 0x00, 0x00, 0x00, 0x00, 0x00,
  0x28, 0x00, 0x00, 0x00, 0x00, 0x00, 0x00, 0x00, 0x63, 0x03, 0x00, 0x00,
  0x12, 0x00, 0x01, 0x00, 0xB5, 0x09, 0x40, 0x00, 0x00, 0x00, 0x00, 0x00,
  0x2E, 0x00, 0x00, 0x00, 0x00, 0x00, 0x00, 0x00, 0x79, 0x03, 0x00, 0x00,
  0x12, 0x00, 0x01, 0x00, 0x8B, 0x08, 0x40, 0x00, 0x00, 0x00, 0x00, 0x00,
  0x17, 0x00, 0x00, 0x00, 0x00, 0x00, 0x00, 0x00, 0x84, 0x03, 0x00, 0x00,
  0x12, 0x00, 0x01, 0x00, 0xA0, 0x10, 0x40, 0x00, 0x00, 0x00, 0x00, 0x00,
  0x2A, 0x00, 0x00, 0x00, 0x00, 0x00, 0x00, 0x00, 0x94, 0x03, 0x00, 0x00,
  0x12, 0x00, 0x01, 0x00, 0x61, 0x16, 0x40, 0x00, 0x00, 0x00, 0x00, 0x00,
  0xBF, 0x00, 0x00, 0x00, 0x00, 0x00, 0x00, 0x00, 0x9E, 0x03, 0x00, 0x00,
  0x12, 0x00, 0x01, 0x00, 0xF1, 0x0A, 0x40, 0x00, 0x00, 0x00, 0x00, 0x00,
  0x2F, 0x00, 0x00, 0x00, 0x00, 0x00, 0x00, 0x00, 0xAF, 0x03, 0x00, 0x00,
  0x12, 0x00, 0x01, 0x00, 0xBA, 0x19, 0x40, 0x00, 0x00, 0x00, 0x00, 0x00,
  0x0C, 0x00, 0x00, 0x00, 0x00, 0x00, 0x00, 0x00, 0xC0, 0x03, 0x00, 0x00,
  0x12, 0x00, 0x01, 0x00, 0x90, 0x19, 0x40, 0x00, 0x00, 0x00, 0x00, 0x00,
  0x2A, 0x00, 0x00, 0x00, 0x00, 0x00, 0x00, 0x00, 0xC9, 0x03, 0x00, 0x00,
  0x12, 0x00, 0x01, 0x00, 0xCA, 0x10, 0x40, 0x00, 0x00, 0x00, 0x00, 0x00,
  0x66, 0x00, 0x00, 0x00, 0x00, 0x00, 0x00, 0x00, 0xD9, 0x03, 0x00, 0x00,
  0x12, 0x00, 0x01, 0x00, 0xDF, 0x05, 0x40, 0x00, 0x00, 0x00, 0x00, 0x00,
  0x33, 0x01, 0x00, 0x00, 0x00, 0x00, 0x00, 0x00, 0xE9, 0x03, 0x00, 0x00,
  0x12, 0x00, 0x01, 0x00, 0x54, 0x12, 0x40, 0x00, 0x00, 0x00, 0x00, 0x00,
  0x41, 0x00, 0x00, 0x00, 0x00, 0x00, 0x00, 0x00, 0xF9, 0x03, 0x00, 0x00,
  0x12, 0x00, 0x01, 0x00, 0x9A, 0x07, 0x40, 0x00, 0x00, 0x00, 0x00, 0x00,
  0x40, 0x00, 0x00, 0x00, 0x00, 0x00, 0x00, 0x00, 0x05, 0x04, 0x00, 0x00,
  0x12, 0x00, 0x01, 0x00, 0x6C, 0x07, 0x40, 0x00, 0x00, 0x00, 0x00, 0x00,
  0x2E, 0x00, 0x00, 0x00, 0x00, 0x00, 0x00, 0x00, 0x11, 0x04, 0x00, 0x00,
  0x12, 0x00, 0x01, 0x00, 0x44, 0x0A, 0x40, 0x00, 0x00, 0x00, 0x00, 0x00,
  0x22, 0x00, 0x00, 0x00, 0x00, 0x00, 0x00, 0x00, 0x23, 0x04, 0x00, 0x00,
  0x12, 0x00, 0x01, 0x00, 0x06, 0x0F, 0x40, 0x00, 0x00, 0x00, 0x00, 0x00,
  0x25, 0x00, 0x00, 0x00, 0x00, 0x00, 0x00, 0x00, 0x2D, 0x04, 0x00, 0x00,
  0x12, 0x00, 0x01, 0x00, 0x09, 0x03, 0x40, 0x00, 0x00, 0x00, 0x00, 0x00,
  0x44, 0x00, 0x00, 0x00, 0x00, 0x00, 0x00, 0x00, 0x38, 0x04, 0x00, 0x00,
  0x12, 0x00, 0x01, 0x00, 0xA9, 0x09, 0x40, 0x00, 0x00, 0x00, 0x00, 0x00,
  0x0C, 0x00, 0x00, 0x00, 0x00, 0x00, 0x00, 0x00, 0x49, 0x04, 0x00, 0x00,
  0x12, 0x00, 0x01, 0x00, 0xC7, 0x1F, 0x40, 0x00, 0x00, 0x00, 0x00, 0x00,
  0x42, 0x00, 0x00, 0x00, 0x00, 0x00, 0x00, 0x00, 0x63, 0x04, 0x00, 0x00,
  0x12, 0x00, 0x01, 0x00, 0xA3, 0x0A, 0x40, 0x00, 0x00, 0x00, 0x00, 0x00,
  0x0C, 0x00, 0x00, 0x00, 0x00, 0x00, 0x00, 0x00, 0x6D, 0x04, 0x00, 0x00,
  0x12, 0x00, 0x01, 0x00, 0xD6, 0x0C, 0x40, 0x00, 0x00, 0x00, 0x00, 0x00,
  0x26, 0x00, 0x00, 0x00, 0x00, 0x00, 0x00, 0x00, 0x74, 0x04, 0x00, 0x00,
  0x12, 0x00, 0x01, 0x00, 0xC6, 0x19, 0x40, 0x00, 0x00, 0x00, 0x00, 0x00,
  0xC5, 0x00, 0x00, 0x00, 0x00, 0x00, 0x00, 0x00, 0x84, 0x04, 0x00, 0x00,
  0x12, 0x00, 0x01, 0x00, 0x79, 0x0D, 0x40, 0x00, 0x00, 0x00, 0x00, 0x00,
  0x8D, 0x01, 0x00, 0x00, 0x00, 0x00, 0x00, 0x00, 0x8D, 0x04, 0x00, 0x00,
  0x12, 0x00, 0x01, 0x00, 0x12, 0x07, 0x40, 0x00, 0x00, 0x00, 0x00, 0x00,
  0x5A, 0x00, 0x00, 0x00, 0x00, 0x00, 0x00, 0x00, 0x99, 0x04, 0x00, 0x00,
  0x12, 0x00, 0x01, 0x00, 0xDA, 0x07, 0x40, 0x00, 0x00, 0x00, 0x00, 0x00,
  0x4F, 0x00, 0x00, 0x00, 0x00, 0x00, 0x00, 0x00, 0xA5, 0x04, 0x00, 0x00,
  0x12, 0x00, 0x01, 0x00, 0x08, 0x0A, 0x40, 0x00, 0x00, 0x00, 0x00, 0x00,
  0x1A, 0x00, 0x00, 0x00, 0x00, 0x00, 0x00, 0x00, 0xBF, 0x04, 0x00, 0x00,
  0x12, 0x00, 0x01, 0x00, 0x95, 0x12, 0x40, 0x00, 0x00, 0x00, 0x00, 0x00,
  0xDC, 0x00, 0x00, 0x00, 0x00, 0x00, 0x00, 0x00, 0xCC, 0x04, 0x00, 0x00,
  0x12, 0x00, 0x01, 0x00, 0xF2, 0x08, 0x40, 0x00, 0x00, 0x00, 0x00, 0x00,
  0x22, 0x00, 0x00, 0x00, 0x00, 0x00, 0x00, 0x00, 0xD7, 0x04, 0x00, 0x00,
  0x12, 0x00, 0x01, 0x00, 0x75, 0x20, 0x40, 0x00, 0x00, 0x00, 0x00, 0x00,
  0x51, 0x00, 0x00, 0x00, 0x00, 0x00, 0x00, 0x00, 0xE8, 0x04, 0x00, 0x00,
  0x12, 0x00, 0x01, 0x00, 0x18, 0x15, 0x40, 0x00, 0x00, 0x00, 0x00, 0x00,
  0x5C, 0x00, 0x00, 0x00, 0x00, 0x00, 0x00, 0x00, 0xF0, 0x04, 0x00, 0x00,
  0x12, 0x00, 0x01, 0x00, 0x84, 0x09, 0x40, 0x00, 0x00, 0x00, 0x00, 0x00,
  0x25, 0x00, 0x00, 0x00, 0x00, 0x00, 0x00, 0x00, 0x00, 0x05, 0x00, 0x00,
  0x12, 0x00, 0x01, 0x00, 0x63, 0x08, 0x40, 0x00, 0x00, 0x00, 0x00, 0x00,
  0x28, 0x00, 0x00, 0x00, 0x00, 0x00, 0x00, 0x00, 0x0A, 0x05, 0x00, 0x00,
  0x12, 0x00, 0x01, 0x00, 0x9D, 0x03, 0x40, 0x00, 0x00, 0x00, 0x00, 0x00,
  0x71, 0x00, 0x00, 0x00, 0x00, 0x00, 0x00, 0x00, 0x19, 0x05, 0x00, 0x00,
  0x12, 0x00, 0x01, 0x00, 0xA2, 0x08, 0x40, 0x00, 0x00, 0x00, 0x00, 0x00,
  0x28, 0x00, 0x00, 0x00, 0x00, 0x00, 0x00, 0x00, 0x23, 0x05, 0x00, 0x00,
  0x11, 0x00, 0x04, 0x00, 0x20, 0x40, 0x40, 0x00, 0x00, 0x00, 0x00, 0x00,
  0x30, 0x01, 0x00, 0x00, 0x00, 0x00, 0x00, 0x00, 0x2C, 0x05, 0x00, 0x00,
  0x12, 0x00, 0x01, 0x00, 0x99, 0x0F, 0x40, 0x00, 0x00, 0x00, 0x00, 0x00,
  0x2F, 0x00, 0x00, 0x00, 0x00, 0x00, 0x00, 0x00, 0x35, 0x05, 0x00, 0x00,
  0x12, 0x00, 0x01, 0x00, 0x92, 0x14, 0x40, 0x00, 0x00, 0x00, 0x00, 0x00,
  0x86, 0x00, 0x00, 0x00, 0x00, 0x00, 0x00, 0x00, 0x3C, 0x05, 0x00, 0x00,
  0x12, 0x00, 0x01, 0x00, 0x71, 0x13, 0x40, 0x00, 0x00, 0x00, 0x00, 0x00,
  0x21, 0x01, 0x00, 0x00, 0x00, 0x00, 0x00, 0x00, 0x43, 0x05, 0x00, 0x00,
  0x12, 0x00, 0x01, 0x00, 0x77, 0x03, 0x40, 0x00, 0x00, 0x00, 0x00, 0x00,
  0x26, 0x00, 0x00, 0x00, 0x00, 0x00, 0x00, 0x00, 0x53, 0x05, 0x00, 0x00,
  0x12, 0x00, 0x01, 0x00, 0x2B, 0x0F, 0x40, 0x00, 0x00, 0x00, 0x00, 0x00,
  0x6E, 0x00, 0x00, 0x00, 0x00, 0x00, 0x00, 0x00, 0x5C, 0x05, 0x00, 0x00,
  0x12, 0x00, 0x01, 0x00, 0x09, 0x20, 0x40, 0x00, 0x00, 0x00, 0x00, 0x00,
  0x6C, 0x00, 0x00, 0x00, 0x00, 0x00, 0x00, 0x00, 0x77, 0x05, 0x00, 0x00,
  0x12, 0x00, 0x01, 0x00, 0x78, 0x18, 0x40, 0x00, 0x00, 0x00, 0x00, 0x00,
  0x18, 0x01, 0x00, 0x00, 0x00, 0x00, 0x00, 0x00, 0x81, 0x05, 0x00, 0x00,
  0x12, 0x00, 0x01, 0x00, 0x03, 0x05, 0x40, 0x00, 0x00, 0x00, 0x00, 0x00,
  0xDC, 0x00, 0x00, 0x00, 0x00, 0x00, 0x00, 0x00, 0x00, 0x75, 0x73, 0x65,
  0x72, 0x2E, 0x63, 0x00, 0x73, 0x79, 0x73, 0x63, 0x61, 0x6C, 0x6C, 0x30,
  0x00, 0x73, 0x79, 0x73, 0x63, 0x61, 0x6C, 0x6C, 0x31, 0x00, 0x73, 0x79,
  0x73, 0x63, 0x61, 0x6C, 0x6C, 0x32, 0x00, 0x73, 0x79, 0x73, 0x63, 0x61,
  0x6C, 0x6C, 0x33, 0x00, 0x73, 0x79, 0x73, 0x5F, 0x66, 0x73, 0x5F, 0x6F,
  0x70, 0x65, 0x6E, 0x00, 0x73, 0x79, 0x73, 0x5F, 0x66, 0x73, 0x5F, 0x63,
  0x6C, 0x6F, 0x73, 0x65, 0x00, 0x73, 0x79, 0x73, 0x5F, 0x66, 0x73, 0x5F,
  0x72, 0x65, 0x61, 0x64, 0x00, 0x73, 0x79, 0x73, 0x5F, 0x66, 0x73, 0x5F,
  0x77, 0x72, 0x69, 0x74, 0x65, 0x00, 0x73, 0x79, 0x73, 0x5F, 0x66, 0x73,
  0x5F, 0x6D, 0x61, 0x6B, 0x65, 0x5F, 0x64, 0x69, 0x72, 0x00, 0x73, 0x79,
  0x73, 0x5F, 0x66, 0x73, 0x5F, 0x72, 0x65, 0x6D, 0x6F, 0x76, 0x65, 0x5F,
  0x64, 0x69, 0x72, 0x00, 0x73, 0x79, 0x73, 0x5F, 0x66, 0x73, 0x5F, 0x64,
  0x65, 0x6C, 0x65, 0x74, 0x65, 0x00, 0x73, 0x79, 0x73, 0x5F, 0x65, 0x6E,
  0x76, 0x5F, 0x67, 0x65, 0x74, 0x5F, 0x63, 0x75, 0x72, 0x72, 0x65, 0x6E,
  0x74, 0x5F, 0x64, 0x69, 0x72, 0x00, 0x73, 0x79, 0x73, 0x5F, 0x65, 0x6E,
  0x76, 0x5F, 0x73, 0x65, 0x74, 0x5F, 0x63, 0x75, 0x72, 0x72, 0x65, 0x6E,
  0x74, 0x5F, 0x64, 0x69, 0x72, 0x00, 0x73, 0x79, 0x73, 0x5F, 0x61, 0x75,
  0x74, 0x68, 0x5F, 0x61, 0x75, 0x74, 0x68, 0x65, 0x6E, 0x74, 0x69, 0x63,
  0x61, 0x74, 0x65, 0x00, 0x73, 0x79, 0x73, 0x5F, 0x61, 0x75, 0x74, 0x68,
  0x5F, 0x69, 0x6E, 0x76, 0x61, 0x6C, 0x69, 0x64, 0x61, 0x74, 0x65, 0x5F,
  0x73, 0x65, 0x73, 0x73, 0x69, 0x6F, 0x6E, 0x00, 0x73, 0x79, 0x73, 0x5F,
  0x61, 0x75, 0x74, 0x68, 0x5F, 0x63, 0x72, 0x65, 0x61, 0x74, 0x65, 0x5F,
  0x70, 0x77, 0x69, 0x64, 0x00, 0x73, 0x79, 0x73, 0x5F, 0x61, 0x75, 0x74,
  0x68, 0x5F, 0x63, 0x68, 0x61, 0x6E, 0x67, 0x65, 0x5F, 0x70, 0x77, 0x69,
  0x64, 0x5F, 0x70, 0x61, 0x73, 0x73, 0x77, 0x6F, 0x72, 0x64, 0x00, 0x73,
  0x79, 0x73, 0x5F, 0x61, 0x75, 0x74, 0x68, 0x5F, 0x76, 0x65, 0x72, 0x69,
  0x66, 0x79, 0x5F, 0x70, 0x77, 0x69, 0x64, 0x5F, 0x70, 0x61, 0x73, 0x73,
  0x77, 0x6F, 0x72, 0x64, 0x00, 0x73, 0x79, 0x73, 0x5F, 0x67, 0x65, 0x74,
  0x5F, 0x68, 0x6F, 0x73, 0x74, 0x6E, 0x61, 0x6D, 0x65, 0x00, 0x73, 0x79,
  0x73, 0x5F, 0x73, 0x65, 0x74, 0x5F, 0x68, 0x6F, 0x73, 0x74, 0x6E, 0x61,
  0x6D, 0x65, 0x00, 0x73, 0x79, 0x73, 0x5F, 0x66, 0x73, 0x5F, 0x73, 0x79,
  0x6E, 0x63, 0x5F, 0x61, 0x6C, 0x6C, 0x00, 0x73, 0x74, 0x64, 0x6F, 0x75,
  0x74, 0x5F, 0x62, 0x75, 0x66, 0x00, 0x61, 0x72, 0x67, 0x5F, 0x70, 0x74,
  0x72, 0x73, 0x00, 0x61, 0x72, 0x67, 0x5F, 0x62, 0x75, 0x66, 0x00, 0x73,
  0x74, 0x61, 0x63, 0x6B, 0x5F, 0x63, 0x61, 0x6E, 0x61, 0x72, 0x79, 0x2E,
  0x63, 0x00, 0x73, 0x79, 0x73, 0x5F, 0x70, 0x72, 0x6F, 0x63, 0x5F, 0x65,
  0x78, 0x69, 0x74, 0x00, 0x6D, 0x61, 0x69, 0x6E, 0x2E, 0x63, 0x00, 0x73,
  0x79, 0x73, 0x5F, 0x70, 0x72, 0x6F, 0x63, 0x5F, 0x67, 0x65, 0x74, 0x5F,
  0x70, 0x77, 0x69, 0x64, 0x00, 0x70, 0x72, 0x69, 0x6E, 0x74, 0x5F, 0x62,
  0x61, 0x6E, 0x6E, 0x65, 0x72, 0x00, 0x70, 0x72, 0x69, 0x6E, 0x74, 0x5F,
  0x70, 0x72, 0x6F, 0x6D, 0x70, 0x74, 0x00, 0x62, 0x75, 0x69, 0x6C, 0x74,
  0x69, 0x6E, 0x73, 0x2E, 0x63, 0x00, 0x73, 0x79, 0x73, 0x5F, 0x66, 0x73,
  0x5F, 0x72, 0x65, 0x61, 0x64, 0x5F, 0x64, 0x69, 0x72, 0x00, 0x70, 0x72,
  0x6F, 0x6D, 0x70, 0x74, 0x5F, 0x70, 0x61, 0x73, 0x73, 0x77, 0x6F, 0x72,
  0x64, 0x5F, 0x63, 0x68, 0x61, 0x6E, 0x67, 0x65, 0x00, 0x75, 0x73, 0x65,
  0x72, 0x5F, 0x69, 0x6E, 0x73, 0x74, 0x61, 0x6C, 0x6C, 0x2E, 0x63, 0x00,
  0x77, 0x65, 0x6C, 0x63, 0x6F, 0x6D, 0x65, 0x5F, 0x70, 0x61, 0x67, 0x65,
  0x00, 0x63, 0x6F, 0x6E, 0x66, 0x69, 0x67, 0x5F, 0x72, 0x6F, 0x6F, 0x74,
  0x5F, 0x70, 0x77, 0x69, 0x64, 0x00, 0x63, 0x6F, 0x6E, 0x66, 0x69, 0x67,
  0x5F, 0x73, 0x79, 0x73, 0x74, 0x65, 0x6D, 0x00, 0x63, 0x6F, 0x6D, 0x70,
  0x6C, 0x65, 0x74, 0x65, 0x5F, 0x70, 0x61, 0x67, 0x65, 0x00, 0x5F, 0x47,
  0x4C, 0x4F, 0x42, 0x41, 0x4C, 0x5F, 0x4F, 0x46, 0x46, 0x53, 0x45, 0x54,
  0x5F, 0x54, 0x41, 0x42, 0x4C, 0x45, 0x5F, 0x00, 0x5F, 0x5F, 0x73, 0x74,
  0x61, 0x63, 0x6B, 0x5F, 0x63, 0x68, 0x6B, 0x5F, 0x66, 0x61, 0x69, 0x6C,
  0x5F, 0x6C, 0x6F, 0x63, 0x61, 0x6C, 0x00, 0x63, 0x6D, 0x64, 0x5F, 0x72,
  0x6D, 0x00, 0x75, 0x73, 0x65, 0x72, 0x5F, 0x6D, 0x65, 0x6D, 0x73, 0x65,
  0x74, 0x00, 0x63, 0x6D, 0x64, 0x5F, 0x6D, 0x6B, 0x64, 0x69, 0x72, 0x00,
  0x75, 0x73, 0x65, 0x72, 0x5F, 0x61, 0x75, 0x74, 0x68, 0x5F, 0x63, 0x68,
  0x61, 0x6E, 0x67, 0x65, 0x5F, 0x70, 0x61, 0x73, 0x73, 0x77, 0x6F, 0x72,
  0x64, 0x00, 0x75, 0x73, 0x65, 0x72, 0x5F, 0x67, 0x65, 0x74, 0x63, 0x77,
  0x64, 0x00, 0x75, 0x73, 0x65, 0x72, 0x5F, 0x67, 0x65, 0x74, 0x5F, 0x68,
  0x6F, 0x73, 0x74, 0x6E, 0x61, 0x6D, 0x65, 0x00, 0x75, 0x73, 0x65, 0x72,
  0x5F, 0x70, 0x72, 0x69, 0x6E, 0x74, 0x5F, 0x64, 0x65, 0x63, 0x00, 0x75,
  0x73, 0x65, 0x72, 0x5F, 0x72, 0x6D, 0x64, 0x69, 0x72, 0x00, 0x75, 0x73,
  0x65, 0x72, 0x5F, 0x64, 0x65, 0x6C, 0x61, 0x79, 0x00, 0x75, 0x73, 0x65,
  0x72, 0x5F, 0x70, 0x72, 0x69, 0x6E, 0x74, 0x6C, 0x6E, 0x00, 0x5F, 0x5F,
  0x73, 0x74, 0x61, 0x63, 0x6B, 0x5F, 0x63, 0x68, 0x6B, 0x5F, 0x67, 0x75,
  0x61, 0x72, 0x64, 0x00, 0x69, 0x6E, 0x69, 0x74, 0x5F, 0x6D, 0x61, 0x69,
  0x6E, 0x00, 0x75, 0x73, 0x65, 0x72, 0x5F, 0x75, 0x6E, 0x6C, 0x69, 0x6E,
  0x6B, 0x00, 0x63, 0x6D, 0x64, 0x5F, 0x63, 0x61, 0x74, 0x00, 0x63, 0x6D,
  0x64, 0x5F, 0x70, 0x77, 0x69, 0x64, 0x5F, 0x6C, 0x6F, 0x67, 0x69, 0x6E,
  0x00, 0x75, 0x73, 0x65, 0x72, 0x5F, 0x63, 0x68, 0x64, 0x69, 0x72, 0x00,
  0x75, 0x73, 0x65, 0x72, 0x5F, 0x77, 0x72, 0x69, 0x74, 0x65, 0x00, 0x75,
  0x73, 0x65, 0x72, 0x5F, 0x61, 0x75, 0x74, 0x68, 0x5F, 0x63, 0x72, 0x65,
  0x61, 0x74, 0x65, 0x5F, 0x70, 0x77, 0x69, 0x64, 0x00, 0x75, 0x73, 0x65,
  0x72, 0x5F, 0x63, 0x6C, 0x6F, 0x73, 0x65, 0x00, 0x63, 0x6D, 0x64, 0x5F,
  0x70, 0x77, 0x69, 0x64, 0x5F, 0x6C, 0x6F, 0x67, 0x6F, 0x75, 0x74, 0x00,
  0x63, 0x6D, 0x64, 0x5F, 0x74, 0x6F, 0x75, 0x63, 0x68, 0x00, 0x5F, 0x5F,
  0x73, 0x74, 0x61, 0x63, 0x6B, 0x5F, 0x63, 0x68, 0x6B, 0x5F, 0x66, 0x61,
  0x69, 0x6C, 0x00, 0x73, 0x68, 0x65, 0x6C, 0x6C, 0x5F, 0x69, 0x73, 0x5F,
  0x72, 0x75, 0x6E, 0x6E, 0x69, 0x6E, 0x67, 0x00, 0x63, 0x6D, 0x64, 0x5F,
  0x73, 0x79, 0x6E, 0x63, 0x00, 0x63, 0x6D, 0x64, 0x5F, 0x70, 0x77, 0x69,
  0x64, 0x5F, 0x77, 0x68, 0x6F, 0x61, 0x6D, 0x69, 0x00, 0x75, 0x73, 0x65,
  0x72, 0x5F, 0x70, 0x61, 0x72, 0x73, 0x65, 0x5F, 0x61, 0x72, 0x67, 0x73,
  0x00, 0x63, 0x6D, 0x64, 0x5F, 0x70, 0x77, 0x69, 0x64, 0x5F, 0x70, 0x61,
  0x73, 0x73, 0x77, 0x64, 0x00, 0x75, 0x73, 0x65, 0x72, 0x5F, 0x73, 0x74,
  0x72, 0x63, 0x70, 0x79, 0x00, 0x75, 0x73, 0x65, 0x72, 0x5F, 0x73, 0x74,
  0x72, 0x6C, 0x65, 0x6E, 0x00, 0x75, 0x73, 0x65, 0x72, 0x5F, 0x73, 0x65,
  0x74, 0x5F, 0x68, 0x6F, 0x73, 0x74, 0x6E, 0x61, 0x6D, 0x65, 0x00, 0x63,
  0x6D, 0x64, 0x5F, 0x63, 0x6C, 0x65, 0x61, 0x72, 0x00, 0x75, 0x73, 0x65,
  0x72, 0x5F, 0x70, 0x72, 0x69, 0x6E, 0x74, 0x00, 0x75, 0x73, 0x65, 0x72,
  0x5F, 0x61, 0x75, 0x74, 0x68, 0x5F, 0x6C, 0x6F, 0x67, 0x6F, 0x75, 0x74,
  0x00, 0x75, 0x73, 0x65, 0x72, 0x5F, 0x69, 0x6E, 0x73, 0x74, 0x61, 0x6C,
  0x6C, 0x5F, 0x63, 0x68, 0x65, 0x63, 0x6B, 0x5F, 0x6E, 0x65, 0x65, 0x64,
  0x65, 0x64, 0x00, 0x75, 0x73, 0x65, 0x72, 0x5F, 0x73, 0x79, 0x6E, 0x63,
  0x00, 0x5F, 0x73, 0x74, 0x61, 0x72, 0x74, 0x00, 0x65, 0x78, 0x65, 0x63,
  0x75, 0x74, 0x65, 0x5F, 0x62, 0x75, 0x69, 0x6C, 0x74, 0x69, 0x6E, 0x00,
  0x63, 0x6D, 0x64, 0x5F, 0x68, 0x65, 0x6C, 0x70, 0x00, 0x75, 0x73, 0x65,
  0x72, 0x5F, 0x73, 0x74, 0x72, 0x63, 0x6D, 0x70, 0x00, 0x75, 0x73, 0x65,
  0x72, 0x5F, 0x6D, 0x65, 0x6D, 0x63, 0x70, 0x79, 0x00, 0x75, 0x73, 0x65,
  0x72, 0x5F, 0x61, 0x75, 0x74, 0x68, 0x5F, 0x76, 0x65, 0x72, 0x69, 0x66,
  0x79, 0x5F, 0x70, 0x61, 0x73, 0x73, 0x77, 0x6F, 0x72, 0x64, 0x00, 0x63,
  0x6D, 0x64, 0x5F, 0x68, 0x6F, 0x73, 0x74, 0x6E, 0x61, 0x6D, 0x65, 0x00,
  0x75, 0x73, 0x65, 0x72, 0x5F, 0x6D, 0x6B, 0x64, 0x69, 0x72, 0x00, 0x75,
  0x73, 0x65, 0x72, 0x5F, 0x69, 0x6E, 0x73, 0x74, 0x61, 0x6C, 0x6C, 0x5F,
  0x72, 0x75, 0x6E, 0x00, 0x63, 0x6D, 0x64, 0x5F, 0x70, 0x77, 0x64, 0x00,
  0x75, 0x73, 0x65, 0x72, 0x5F, 0x61, 0x75, 0x74, 0x68, 0x5F, 0x6C, 0x6F,
  0x67, 0x69, 0x6E, 0x00, 0x75, 0x73, 0x65, 0x72, 0x5F, 0x6F, 0x70, 0x65,
  0x6E, 0x00, 0x75, 0x73, 0x65, 0x72, 0x5F, 0x70, 0x72, 0x69, 0x6E, 0x74,
  0x5F, 0x68, 0x65, 0x78, 0x00, 0x75, 0x73, 0x65, 0x72, 0x5F, 0x72, 0x65,
  0x61, 0x64, 0x00, 0x62, 0x75, 0x69, 0x6C, 0x74, 0x69, 0x6E, 0x73, 0x00,
  0x63, 0x6D, 0x64, 0x5F, 0x65, 0x78, 0x69, 0x74, 0x00, 0x63, 0x6D, 0x64,
  0x5F, 0x63, 0x64, 0x00, 0x63, 0x6D, 0x64, 0x5F, 0x6C, 0x73, 0x00, 0x75,
  0x73, 0x65, 0x72, 0x5F, 0x70, 0x72, 0x69, 0x6E, 0x74, 0x5F, 0x63, 0x68,
  0x61, 0x72, 0x00, 0x63, 0x6D, 0x64, 0x5F, 0x65, 0x63, 0x68, 0x6F, 0x00,
  0x75, 0x73, 0x65, 0x72, 0x5F, 0x69, 0x6E, 0x73, 0x74, 0x61, 0x6C, 0x6C,
  0x5F, 0x63, 0x72, 0x65, 0x61, 0x74, 0x65, 0x5F, 0x6D, 0x61, 0x72, 0x6B,
  0x65, 0x72, 0x00, 0x63, 0x6D, 0x64, 0x5F, 0x77, 0x72, 0x69, 0x74, 0x65,
  0x00, 0x75, 0x73, 0x65, 0x72, 0x5F, 0x72, 0x65, 0x61, 0x64, 0x5F, 0x6C,
  0x69, 0x6E, 0x65, 0x00, 0x00, 0x2E, 0x73, 0x79, 0x6D, 0x74, 0x61, 0x62,
  0x00, 0x2E, 0x73, 0x74, 0x72, 0x74, 0x61, 0x62, 0x00, 0x2E, 0x73, 0x68,
  0x73, 0x74, 0x72, 0x74, 0x61, 0x62, 0x00, 0x2E, 0x74, 0x65, 0x78, 0x74,
  0x00, 0x2E, 0x72, 0x6F, 0x64, 0x61, 0x74, 0x61, 0x00, 0x2E, 0x6E, 0x6F,
  0x74, 0x65, 0x2E, 0x67, 0x6E, 0x75, 0x2E, 0x70, 0x72, 0x6F, 0x70, 0x65,
  0x72, 0x74, 0x79, 0x00, 0x2E, 0x64, 0x61, 0x74, 0x61, 0x00, 0x2E, 0x62,
  0x73, 0x73, 0x00, 0x00, 0x00, 0x00, 0x00, 0x00, 0x00, 0x00, 0x00, 0x00,
  0x00, 0x00, 0x00, 0x00, 0x00, 0x00, 0x00, 0x00, 0x00, 0x00, 0x00, 0x00,
  0x00, 0x00, 0x00, 0x00, 0x00, 0x00, 0x00, 0x00, 0x00, 0x00, 0x00, 0x00,
  0x00, 0x00, 0x00, 0x00, 0x00, 0x00, 0x00, 0x00, 0x00, 0x00, 0x00, 0x00,
  0x00, 0x00, 0x00, 0x00, 0x00, 0x00, 0x00, 0x00, 0x00, 0x00, 0x00, 0x00,
  0x00, 0x00, 0x00, 0x00, 0x00, 0x00, 0x00, 0x00, 0x1B, 0x00, 0x00, 0x00,
  0x01, 0x00, 0x00, 0x00, 0x06, 0x00, 0x00, 0x00, 0x00, 0x00, 0x00, 0x00,
  0x00, 0x00, 0x40, 0x00, 0x00, 0x00, 0x00, 0x00, 0x00, 0x10, 0x00, 0x00,
  0x00, 0x00, 0x00, 0x00, 0xC6, 0x20, 0x00, 0x00, 0x00, 0x00, 0x00, 0x00,
  0x00, 0x00, 0x00, 0x00, 0x00, 0x00, 0x00, 0x00, 0x00, 0x10, 0x00, 0x00,
  0x00, 0x00, 0x00, 0x00, 0x00, 0x00, 0x00, 0x00, 0x00, 0x00, 0x00, 0x00,
  0x21, 0x00, 0x00, 0x00, 0x01, 0x00, 0x00, 0x00, 0x02, 0x00, 0x00, 0x00,
  0x00, 0x00, 0x00, 0x00, 0x00, 0x30, 0x40, 0x00, 0x00, 0x00, 0x00, 0x00,
  0x00, 0x40, 0x00, 0x00, 0x00, 0x00, 0x00, 0x00, 0xF9, 0x0E, 0x00, 0x00,
  0x00, 0x00, 0x00, 0x00, 0x00, 0x00, 0x00, 0x00, 0x00, 0x00, 0x00, 0x00,
  0x00, 0x10, 0x00, 0x00, 0x00, 0x00, 0x00, 0x00, 0x00, 0x00, 0x00, 0x00,
  0x00, 0x00, 0x00, 0x00, 0x29, 0x00, 0x00, 0x00, 0x07, 0x00, 0x00, 0x00,
  0x02, 0x00, 0x00, 0x00, 0x00, 0x00, 0x00, 0x00, 0x00, 0x3F, 0x40, 0x00,
  0x00, 0x00, 0x00, 0x00, 0x00, 0x4F, 0x00, 0x00, 0x00, 0x00, 0x00, 0x00,
  0x30, 0x00, 0x00, 0x00, 0x00, 0x00, 0x00, 0x00, 0x00, 0x00, 0x00, 0x00,
  0x00, 0x00, 0x00, 0x00, 0x08, 0x00, 0x00, 0x00, 0x00, 0x00, 0x00, 0x00,
  0x00, 0x00, 0x00, 0x00, 0x00, 0x00, 0x00, 0x00, 0x3C, 0x00, 0x00, 0x00,
  0x01, 0x00, 0x00, 0x00, 0x03, 0x00, 0x00, 0x00, 0x00, 0x00, 0x00, 0x00,
  0x00, 0x40, 0x40, 0x00, 0x00, 0x00, 0x00, 0x00, 0x00, 0x50, 0x00, 0x00,
  0x00, 0x00, 0x00, 0x00, 0x50, 0x01, 0x00, 0x00, 0x00, 0x00, 0x00, 0x00,
  0x00, 0x00, 0x00, 0x00, 0x00, 0x00, 0x00, 0x00, 0x00, 0x10, 0x00, 0x00,
  0x00, 0x00, 0x00, 0x00, 0x00, 0x00, 0x00, 0x00, 0x00, 0x00, 0x00, 0x00,
  0x42, 0x00, 0x00, 0x00, 0x08, 0x00, 0x00, 0x00, 0x03, 0x00, 0x00, 0x00,
  0x00, 0x00, 0x00, 0x00, 0x00, 0x50, 0x40, 0x00, 0x00, 0x00, 0x00, 0x00,
  0x50, 0x51, 0x00, 0x00, 0x00, 0x00, 0x00, 0x00, 0x80, 0x05, 0x00, 0x00,
  0x00, 0x00, 0x00, 0x00, 0x00, 0x00, 0x00, 0x00, 0x00, 0x00, 0x00, 0x00,
  0x00, 0x10, 0x00, 0x00, 0x00, 0x00, 0x00, 0x00, 0x00, 0x00, 0x00, 0x00,
  0x00, 0x00, 0x00, 0x00, 0x01, 0x00, 0x00, 0x00, 0x02, 0x00, 0x00, 0x00,
  0x00, 0x00, 0x00, 0x00, 0x00, 0x00, 0x00, 0x00, 0x00, 0x00, 0x00, 0x00,
  0x00, 0x00, 0x00, 0x00, 0x50, 0x51, 0x00, 0x00, 0x00, 0x00, 0x00, 0x00,
  0x08, 0x0A, 0x00, 0x00, 0x00, 0x00, 0x00, 0x00, 0x07, 0x00, 0x00, 0x00,
  0x30, 0x00, 0x00, 0x00, 0x08, 0x00, 0x00, 0x00, 0x00, 0x00, 0x00, 0x00,
  0x18, 0x00, 0x00, 0x00, 0x00, 0x00, 0x00, 0x00, 0x09, 0x00, 0x00, 0x00,
  0x03, 0x00, 0x00, 0x00, 0x00, 0x00, 0x00, 0x00, 0x00, 0x00, 0x00, 0x00,
  0x00, 0x00, 0x00, 0x00, 0x00, 0x00, 0x00, 0x00, 0x58, 0x5B, 0x00, 0x00,
  0x00, 0x00, 0x00, 0x00, 0x90, 0x05, 0x00, 0x00, 0x00, 0x00, 0x00, 0x00,
  0x00, 0x00, 0x00, 0x00, 0x00, 0x00, 0x00, 0x00, 0x01, 0x00, 0x00, 0x00,
  0x00, 0x00, 0x00, 0x00, 0x00, 0x00, 0x00, 0x00, 0x00, 0x00, 0x00, 0x00,
  0x11, 0x00, 0x00, 0x00, 0x03, 0x00, 0x00, 0x00, 0x00, 0x00, 0x00, 0x00,
  0x00, 0x00, 0x00, 0x00, 0x00, 0x00, 0x00, 0x00, 0x00, 0x00, 0x00, 0x00,
  0xE8, 0x60, 0x00, 0x00, 0x00, 0x00, 0x00, 0x00, 0x47, 0x00, 0x00, 0x00,
  0x00, 0x00, 0x00, 0x00, 0x00, 0x00, 0x00, 0x00, 0x00, 0x00, 0x00, 0x00,
  0x01, 0x00, 0x00, 0x00, 0x00, 0x00, 0x00, 0x00, 0x00, 0x00, 0x00, 0x00,
  0x00, 0x00, 0x00, 0x00
};
unsigned int build_user_init_bin_len = 25456;
